sample,fusion genes,chrom1,base1,strand1,chrom2,base2,strand2,gap (kb),spanning pairs,spanning reads,inframe,aligns,rearrangement,contig,contig break,classification,known
analysis-pt_047_002-6715-flnc,ETV6:RUNX1,chr12,11869969,+,chr21,34892963,-,Inf,0,373,TRUE,TRUE,TRUE,m64204e_210120_132555/100270342/ccs,1309,HighConfidence,Yes
analysis-pt_047_001-6714-flnc,ETV6:RUNX1,chr12,11869969,+,chr21,34892963,-,Inf,0,132,TRUE,TRUE,TRUE,m64204e_210119_131735/100074648/ccs,1281,HighConfidence,Yes
analysis-pt_047_002-6715-flnc,ETV6:RUNX1,chr12,11869969,+,chr21,34887096,-,Inf,0,91,TRUE,TRUE,TRUE,m64204e_210120_132555/101320806/ccs,1309,HighConfidence,Yes
analysis-pt_047_001-6714-flnc,RUNX1:PRDM7,chr21,35048842,-,chr16,90061519,-,Inf,0,66,FALSE,TRUE,TRUE,m64204e_210119_131735/103418002/ccs,239,HighConfidence,-
analysis-pt_047_001-6714-flnc,ETV6:RUNX1,chr12,11869969,+,chr21,34887096,-,Inf,0,36,TRUE,TRUE,TRUE,m64204e_210119_131735/103418238/ccs,1147,HighConfidence,Yes
analysis-pt_047_001-6714-flnc,RUNX1:PRDM7,chr21,35048842,-,chr16,90062192,-,Inf,0,31,TRUE,TRUE,TRUE,m64204e_210119_131735/101581259/ccs,316,HighConfidence,-
analysis-pt_047_002-6715-flnc,RUNX1:PRDM7,chr21,35048842,-,chr16,90061519,-,Inf,0,25,FALSE,TRUE,TRUE,m64204e_210120_132555/100401259/ccs,318,HighConfidence,-
analysis-pt_047_002-6715-flnc,RUNX1:PRDM7,chr21,35048842,-,chr16,90062192,-,Inf,0,13,TRUE,TRUE,TRUE,m64204e_210120_132555/122226759/ccs,311,HighConfidence,-
analysis-pt_047_002-6715-flnc,RP11-123O10.4:GRIP1,chr12,67069050,-,chr12,66596927,-,472.126,0,9,FALSE,TRUE,FALSE,m64204e_210120_132555/126879503/ccs,311,HighConfidence,-
analysis-pt_047_001-6714-flnc,RP11-123O10.4:GRIP1,chr12,67069050,-,chr12,66596927,-,472.126,0,7,FALSE,TRUE,FALSE,m64204e_210119_131735/111345830/ccs,263,HighConfidence,-
analysis-pt_047_002-6715-flnc,AC104820.2:ITGA4,chr2,181226535,+,chr2,181474960,+,248.429,0,4,FALSE,TRUE,FALSE,m64204e_210120_132555/108658961/ccs,122,HighConfidence,-
analysis-pt_047_002-6715-flnc,TTC3:DYRK1A,chr21,37073473,+,chr21,37472684,+,399.213,0,4,FALSE,TRUE,FALSE,m64204e_210120_132555/156436511/ccs,223,HighConfidence,Yes
analysis-pt_047_002-6715-flnc,KANSL1:ARL17A,chr17,46094560,-,chr17,46570869,-,476.305,0,4,FALSE,TRUE,TRUE,m64204e_210120_132555/11273871/ccs,1682,HighConfidence,Yes
analysis-pt_047_002-6715-flnc,SCAF4:CHMP1A,chr21,31685049,-,chr16,89647331,-,Inf,0,4,FALSE,TRUE,TRUE,m64204e_210120_132555/148900178/ccs,2892,HighConfidence,-
analysis-pt_047_002-6715-flnc,LARP4B:WDR37,chr10,931428,-,chr10,1084403,+,152.972,0,3,FALSE,TRUE,TRUE,m64204e_210120_132555/40765640/ccs,274,HighConfidence,-
analysis-pt_047_002-6715-flnc,POLE4:RP11-355F16.1,chr2,74960146,+,chr2,75186830,+,226.692,0,3,FALSE,TRUE,FALSE,m64204e_210120_132555/143261742/ccs,378,HighConfidence,-
analysis-pt_047_002-6715-flnc,KIAA0226L:LCP1,chr13,46387134,-,chr13,46159686,-,227.457,0,3,FALSE,TRUE,FALSE,m64204e_210120_132555/155452382/ccs,119,HighConfidence,-
analysis-pt_047_001-6714-flnc,KANSL1:ARL17B,chr17,46094560,-,chr17,46352930,-,258.366,0,3,FALSE,TRUE,TRUE,m64204e_210119_131735/142476861/ccs,501,HighConfidence,Yes
analysis-pt_047_001-6714-flnc,PRKCH:SNAPC1,chr14,61485656,+,chr14,61766876,+,281.222,0,3,TRUE,TRUE,FALSE,m64204e_210119_131735/62849983/ccs,1842,HighConfidence,Yes
analysis-pt_047_002-6715-flnc,CTD-2337A12.1:CAST,chr5,96379652,+,chr5,96675539,+,295.892,0,3,FALSE,TRUE,FALSE,m64204e_210120_132555/141691587/ccs,248,HighConfidence,-
analysis-pt_047_002-6715-flnc,MBNL1:SELT,chr3,152269092,+,chr3,150622385,+,1646.705,0,3,FALSE,TRUE,TRUE,m64204e_210120_132555/105711974/ccs,162,HighConfidence,-
analysis-pt_047_001-6714-flnc,SCAF4:CHMP1A,chr21,31685049,-,chr16,89647331,-,Inf,0,3,FALSE,TRUE,TRUE,m64204e_210119_131735/13697474/ccs,2878,HighConfidence,-
analysis-pt_047_001-6714-flnc,RUNX1:PRDM7,chr21,35048842,-,chr16,90058534,-,Inf,0,3,FALSE,TRUE,TRUE,m64204e_210119_131735/123273860/ccs,240,HighConfidence,-
analysis-pt_047_001-6714-flnc,ZNF718:CHMP1A,chr4,131505,+,chr16,89647331,-,Inf,0,3,FALSE,TRUE,TRUE,m64204e_210119_131735/131334194/ccs,398,HighConfidence,-
analysis-pt_047_001-6714-flnc,ZNF738:CHMP1A,chr19,21375964,+,chr16,89647331,-,Inf,0,3,FALSE,TRUE,TRUE,m64204e_210119_131735/117769504/ccs,448,HighConfidence,-
analysis-pt_047_001-6714-flnc,BRWD1:CHMP1A,chr21,39298432,-,chr16,89647331,-,Inf,0,3,FALSE,TRUE,TRUE,m64204e_210119_131735/100664374/ccs,501,HighConfidence,-
analysis-pt_047_002-6715-flnc,FUBP1:CHMP1A,chr1,77949155,-,chr16,89647331,-,Inf,0,3,TRUE,TRUE,TRUE,m64204e_210120_132555/140444861/ccs,2000,HighConfidence,-
analysis-pt_047_002-6715-flnc,PCDHGB2:WHSC1,chr5,141362556,+,chr4,1974863,+,Inf,0,3,TRUE,TRUE,TRUE,m64204e_210120_132555/100532707/ccs,2553,HighConfidence,-
analysis-pt_047_002-6715-flnc,DIAPH1:PCDHGA1,chr5,141524143,-,chr5,141510947,+,13.198,0,2,TRUE,TRUE,TRUE,m64204e_210120_132555/120326273/ccs,3692,HighConfidence,-
analysis-pt_047_002-6715-flnc,FBXO8:CEP44,chr4,174283410,-,chr4,174299072,+,15.66,0,2,FALSE,TRUE,TRUE,m64204e_210120_132555/178848588/ccs,259,HighConfidence,-
analysis-pt_047_001-6714-flnc,ABHD3:MIB1,chr18,21702316,-,chr18,21768623,+,66.305,0,2,TRUE,TRUE,TRUE,m64204e_210119_131735/108070821/ccs,621,HighConfidence,-
analysis-pt_047_001-6714-flnc,DRG1:EIF4ENIF1,chr22,31403204,+,chr22,31471917,-,68.714,0,2,TRUE,TRUE,TRUE,m64204e_210119_131735/172687806/ccs,404,HighConfidence,-
analysis-pt_047_002-6715-flnc,FNBP4:NUP160,chr11,47765270,-,chr11,47837623,-,72.35,0,2,TRUE,TRUE,TRUE,m64204e_210120_132555/165546589/ccs,367,HighConfidence,-
analysis-pt_047_002-6715-flnc,PIEZO1:CBFA2T3,chr16,88784901,-,chr16,88901656,-,116.751,0,2,FALSE,TRUE,TRUE,m64204e_210120_132555/167839886/ccs,320,HighConfidence,Yes
analysis-pt_047_002-6715-flnc,ETF1:KDM3B,chr5,138512764,-,chr5,138386022,+,126.745,0,2,TRUE,TRUE,TRUE,m64204e_210120_132555/70453501/ccs,821,HighConfidence,-
analysis-pt_047_001-6714-flnc,DSCR3:DYRK1A,chr21,37267238,-,chr21,37420299,+,153.059,0,2,TRUE,TRUE,TRUE,m64204e_210119_131735/159973524/ccs,143,HighConfidence,-
analysis-pt_047_001-6714-flnc,SET:GLE1,chr9,128692765,+,chr9,128508876,+,183.888,0,2,TRUE,TRUE,TRUE,m64204e_210119_131735/10814221/ccs,483,HighConfidence,Yes
analysis-pt_047_001-6714-flnc,RNF13:RP11-167H9.4,chr3,149921227,+,chr3,150124938,+,203.713,0,2,FALSE,TRUE,FALSE,m64204e_210119_131735/60163183/ccs,740,HighConfidence,-
analysis-pt_047_002-6715-flnc,PRKCH:HIF1A,chr14,61485656,+,chr14,61720382,+,234.731,0,2,TRUE,TRUE,FALSE,m64204e_210120_132555/129828717/ccs,1809,HighConfidence,Yes
analysis-pt_047_002-6715-flnc,DNAJC25-GNG10:UGCG,chr9,111666946,+,chr9,111914605,+,247.661,0,2,FALSE,TRUE,FALSE,m64204e_210120_132555/20318865/ccs,241,HighConfidence,-
analysis-pt_047_002-6715-flnc,C11orf73:PICALM,chr11,86306482,+,chr11,86031611,-,274.869,0,2,TRUE,TRUE,TRUE,m64204e_210120_132555/1377055/ccs,1480,HighConfidence,-
analysis-pt_047_002-6715-flnc,LINC01036:LINC01037,chr1,187092946,+,chr1,187443628,+,350.692,0,2,FALSE,TRUE,FALSE,m64204e_210120_132555/150014466/ccs,632,HighConfidence,-
analysis-pt_047_002-6715-flnc,XPO1:CCT4,chr2,61492035,-,chr2,61883548,-,391.506,0,2,TRUE,TRUE,TRUE,m64204e_210120_132555/144115810/ccs,2561,HighConfidence,-
analysis-pt_047_001-6714-flnc,TECPR2:TRAF3,chr14,102376940,+,chr14,102830334,+,453.398,0,2,FALSE,TRUE,FALSE,m64204e_210119_131735/44237156/ccs,354,HighConfidence,-
analysis-pt_047_001-6714-flnc,KANSL1:ARL17A,chr17,46094560,-,chr17,46570869,-,476.305,0,2,FALSE,TRUE,TRUE,m64204e_210119_131735/113574270/ccs,1688,HighConfidence,Yes
analysis-pt_047_001-6714-flnc,RP11-120D5.1:MID1,chrX,11055936,-,chrX,10567603,-,488.34,0,2,FALSE,TRUE,FALSE,m64204e_210119_131735/138479858/ccs,500,HighConfidence,-
analysis-pt_047_002-6715-flnc,RP11-120D5.1:MID1,chrX,11055936,-,chrX,10567603,-,488.34,0,2,FALSE,TRUE,FALSE,m64204e_210120_132555/115868641/ccs,450,HighConfidence,-
analysis-pt_047_002-6715-flnc,DIP2C:ZMYND11,chr10,689494,-,chr10,179994,+,509.506,0,2,FALSE,TRUE,TRUE,m64204e_210120_132555/175833103/ccs,141,HighConfidence,Yes
analysis-pt_047_002-6715-flnc,UBE2E3:ITGA4,chr2,180984093,+,chr2,181522191,+,538.099,0,2,TRUE,TRUE,FALSE,m64204e_210120_132555/173476159/ccs,895,HighConfidence,-
analysis-pt_047_002-6715-flnc,DSC3:B4GALT6,chr18,31042592,-,chr18,31666372,-,623.778,0,2,FALSE,TRUE,TRUE,m64204e_210120_132555/68290718/ccs,151,HighConfidence,-
analysis-pt_047_002-6715-flnc,SHROOM3:G3BP2,chr4,76586469,+,chr4,75662049,-,924.411,0,2,FALSE,TRUE,TRUE,m64204e_210120_132555/48761470/ccs,161,HighConfidence,-
analysis-pt_047_002-6715-flnc,NUP160:CKAP5,chr11,47835651,-,chr11,46801304,-,1034.35,0,2,TRUE,TRUE,FALSE,m64204e_210120_132555/158467379/ccs,1028,HighConfidence,-
analysis-pt_047_002-6715-flnc,TENM4:GAB2,chr11,79297488,-,chr11,78250400,-,1047.091,0,2,FALSE,TRUE,FALSE,m64204e_210120_132555/148113412/ccs,445,HighConfidence,Yes
analysis-pt_047_001-6714-flnc,SPIN1:SEMA4D,chr9,88388538,+,chr9,89455953,-,1067.419,0,2,FALSE,TRUE,TRUE,m64204e_210119_131735/127599693/ccs,107,HighConfidence,-
analysis-pt_047_002-6715-flnc,GINM1:AKAP12,chr6,149566534,+,chr6,151348711,+,1782.183,0,2,FALSE,TRUE,FALSE,m64204e_210120_132555/154141573/ccs,161,HighConfidence,-
analysis-pt_047_002-6715-flnc,SLC4A7:TOP2B,chr3,27484079,-,chr3,25645470,-,1838.611,0,2,TRUE,TRUE,FALSE,m64204e_210120_132555/153355053/ccs,306,HighConfidence,-
analysis-pt_047_002-6715-flnc,RRP15:RAB3GAP2,chr1,218307632,+,chr1,220213979,-,1906.348,0,2,TRUE,TRUE,TRUE,m64204e_210120_132555/31721891/ccs,729,HighConfidence,-
analysis-pt_047_002-6715-flnc,CEP152:AP4E1,chr15,48793321,-,chr15,51002502,+,2209.178,0,2,TRUE,TRUE,TRUE,m64204e_210120_132555/158335834/ccs,899,HighConfidence,-
analysis-pt_047_002-6715-flnc,CTC-260F20.3:ZNF100,chr19,19516332,+,chr19,21727989,-,2211.659,0,2,TRUE,TRUE,TRUE,m64204e_210120_132555/111674118/ccs,105,HighConfidence,-
analysis-pt_047_002-6715-flnc,USP12:KATNAL1,chr13,27171592,-,chr13,30283791,-,3112.196,0,2,TRUE,TRUE,TRUE,m64204e_210120_132555/107940591/ccs,204,HighConfidence,-
analysis-pt_047_002-6715-flnc,CMC1:STT3B,chr3,28263380,+,chr3,31615105,+,3351.728,0,2,TRUE,TRUE,FALSE,m64204e_210120_132555/24053569/ccs,288,HighConfidence,-
analysis-pt_047_002-6715-flnc,SETD5:EDEM1,chr3,9397977,+,chr3,5213319,+,4184.656,0,2,FALSE,TRUE,TRUE,m64204e_210120_132555/120258902/ccs,344,HighConfidence,-
analysis-pt_047_002-6715-flnc,PAFAH1B2:SORL1,chr11,117144418,+,chr11,121488032,+,4343.615,0,2,TRUE,TRUE,FALSE,m64204e_210120_132555/47385249/ccs,107,HighConfidence,-
analysis-pt_047_002-6715-flnc,POLR2A:RPA1,chr17,7509190,+,chr17,1853101,+,5656.086,0,2,FALSE,TRUE,TRUE,m64204e_210120_132555/109578448/ccs,4114,HighConfidence,-
analysis-pt_047_002-6715-flnc,HELZ:C17orf80,chr17,67239433,-,chr17,73235476,+,5996.043,0,2,FALSE,TRUE,TRUE,m64204e_210120_132555/180030040/ccs,149,HighConfidence,-
analysis-pt_047_002-6715-flnc,FAM73A:ODF2L,chr1,77783351,+,chr1,86385590,-,8602.241,0,2,FALSE,TRUE,TRUE,m64204e_210120_132555/12061371/ccs,195,HighConfidence,-
analysis-pt_047_002-6715-flnc,DDX10:CEP57,chr11,108723462,+,chr11,95799232,+,12924.226,0,2,TRUE,TRUE,TRUE,m64204e_210120_132555/169215830/ccs,2101,HighConfidence,-
analysis-pt_047_002-6715-flnc,CNOT1:RFWD3,chr16,58599236,-,chr16,74661451,-,16062.214,0,2,TRUE,TRUE,TRUE,m64204e_210120_132555/159909254/ccs,375,HighConfidence,-
analysis-pt_047_002-6715-flnc,ZNF277:CHCHD3,chr7,112206807,+,chr7,133070229,-,20863.424,0,2,FALSE,TRUE,TRUE,m64204e_210120_132555/115868430/ccs,119,HighConfidence,-
analysis-pt_047_002-6715-flnc,ASB16-AS1:UBE2O,chr17,44181623,-,chr17,76405572,-,32223.946,0,2,FALSE,TRUE,TRUE,m64204e_210120_132555/110430170/ccs,367,HighConfidence,-
analysis-pt_047_002-6715-flnc,DDX50:PDCD11,chr10,68901471,+,chr10,103403118,+,34501.65,0,2,TRUE,TRUE,FALSE,m64204e_210120_132555/105974014/ccs,159,HighConfidence,-
analysis-pt_047_002-6715-flnc,TTI1:CSNK2A1,chr20,38002628,-,chr20,492364,-,37510.268,0,2,TRUE,TRUE,FALSE,m64204e_210120_132555/49022923/ccs,1003,HighConfidence,-
analysis-pt_047_002-6715-flnc,SIRT5:ZNF451,chr6,13600949,+,chr6,57133042,+,43532.098,0,2,FALSE,TRUE,FALSE,m64204e_210120_132555/121309221/ccs,954,HighConfidence,-
analysis-pt_047_002-6715-flnc,NAA15:KLHL8,chr4,139301831,+,chr4,87195690,-,52106.132,0,2,TRUE,TRUE,TRUE,m64204e_210120_132555/121244086/ccs,333,HighConfidence,-
analysis-pt_047_002-6715-flnc,SLMAP:EDEM1,chr3,57757849,+,chr3,5195209,+,52562.637,0,2,FALSE,TRUE,TRUE,m64204e_210120_132555/148703521/ccs,1398,HighConfidence,-
analysis-pt_047_002-6715-flnc,SETD8:XPOT,chr12,123384208,+,chr12,64409962,+,58974.243,0,2,FALSE,TRUE,TRUE,m64204e_210120_132555/130089927/ccs,121,HighConfidence,-
analysis-pt_047_002-6715-flnc,ZNF408:PPP2R1B,chr11,46701676,+,chr11,111742665,-,65040.989,0,2,TRUE,TRUE,TRUE,m64204e_210120_132555/39716656/ccs,347,HighConfidence,-
analysis-pt_047_001-6714-flnc,CHUK:CHMP1A,chr10,100190869,-,chr16,89647331,-,Inf,0,2,TRUE,TRUE,TRUE,m64204e_210119_131735/53477779/ccs,2262,HighConfidence,-
analysis-pt_047_001-6714-flnc,DHTKD1:CHMP1A,chr10,12120267,+,chr16,89647331,-,Inf,0,2,TRUE,TRUE,TRUE,m64204e_210119_131735/121439112/ccs,2672,HighConfidence,-
analysis-pt_047_001-6714-flnc,ZBTB17:ZNF83,chr1,15973039,-,chr19,52635153,-,Inf,0,2,FALSE,TRUE,TRUE,m64204e_210119_131735/128713476/ccs,203,HighConfidence,-
analysis-pt_047_001-6714-flnc,ETV6:RUNX1,chr12,11869969,+,chr21,34859578,-,Inf,0,2,TRUE,TRUE,TRUE,m64204e_210119_131735/118751683/ccs,669,HighConfidence,Yes
analysis-pt_047_001-6714-flnc,PSPC1:SEPSECS,chr13,19730239,-,chr4,25156974,-,Inf,0,2,FALSE,TRUE,TRUE,m64204e_210119_131735/23333491/ccs,1509,HighConfidence,-
analysis-pt_047_001-6714-flnc,RPL21:NEK9,chr13,27256334,+,chr14,75107487,-,Inf,0,2,TRUE,TRUE,TRUE,m64204e_210119_131735/101910820/ccs,475,HighConfidence,-
analysis-pt_047_001-6714-flnc,ITFG1:FAM135A,chr16,47451396,-,chr6,70502636,+,Inf,0,2,FALSE,TRUE,TRUE,m64204e_210119_131735/172623820/ccs,579,HighConfidence,-
analysis-pt_047_001-6714-flnc,LRRC75A-AS1:FARP1,chr17,16439414,+,chr13,98213220,+,Inf,0,2,FALSE,TRUE,TRUE,m64204e_210119_131735/169215433/ccs,116,HighConfidence,-
analysis-pt_047_001-6714-flnc,RP11-314N13.10:XPO6,chr20,1392834,-,chr16,28146203,-,Inf,0,2,FALSE,TRUE,TRUE,m64204e_210119_131735/12585799/ccs,161,HighConfidence,-
analysis-pt_047_001-6714-flnc,SAMD10:TUBB3,chr20,63979854,-,chr16,89932571,+,Inf,0,2,FALSE,TRUE,TRUE,m64204e_210119_131735/128713887/ccs,162,HighConfidence,-
analysis-pt_047_001-6714-flnc,RUNX1:PRDM7,chr21,35048842,-,chr16,90066910,-,Inf,0,2,TRUE,TRUE,TRUE,m64204e_210119_131735/128583358/ccs,282,HighConfidence,-
analysis-pt_047_001-6714-flnc,TTC3:ZADH2,chr21,37073364,+,chr18,75202340,-,Inf,0,2,FALSE,TRUE,TRUE,m64204e_210119_131735/14419797/ccs,91,HighConfidence,-
analysis-pt_047_001-6714-flnc,ERG:RCSD1,chr21,38498363,-,chr1,167683900,+,Inf,0,2,TRUE,TRUE,TRUE,m64204e_210119_131735/168362227/ccs,382,HighConfidence,-
analysis-pt_047_001-6714-flnc,PSMG1:ACACA,chr21,39177435,-,chr17,37113265,-,Inf,0,2,FALSE,TRUE,TRUE,m64204e_210119_131735/107675785/ccs,848,HighConfidence,-
analysis-pt_047_001-6714-flnc,RUFY1:TMEM223,chr5,179607659,+,chr11,62774665,-,Inf,0,2,FALSE,TRUE,TRUE,m64204e_210119_131735/136512917/ccs,2145,HighConfidence,-
analysis-pt_047_001-6714-flnc,STK38:MCCC2,chr6,36506583,-,chr5,71632121,+,Inf,0,2,TRUE,TRUE,TRUE,m64204e_210119_131735/158271198/ccs,975,HighConfidence,-
analysis-pt_047_001-6714-flnc,AASS:TOP2B,chr7,122144161,-,chr3,25645455,-,Inf,0,2,FALSE,TRUE,TRUE,m64204e_210119_131735/118687750/ccs,95,HighConfidence,-
analysis-pt_047_001-6714-flnc,TMED4:UBAP2L,chr7,44581449,-,chr1,154234591,+,Inf,0,2,TRUE,TRUE,TRUE,m64204e_210119_131735/131729803/ccs,606,HighConfidence,-
analysis-pt_047_001-6714-flnc,PROSC:CHMP1A,chr8,37766355,+,chr16,89647331,-,Inf,0,2,FALSE,TRUE,TRUE,m64204e_210119_131735/135530834/ccs,335,HighConfidence,-
analysis-pt_047_001-6714-flnc,SLC25A25:MSH6,chr9,128068580,+,chr2,47790927,+,Inf,0,2,TRUE,TRUE,TRUE,m64204e_210119_131735/90309916/ccs,349,HighConfidence,-
analysis-pt_047_001-6714-flnc,RP11-473E2.2:JADE3,chr9,134505546,+,chrX,46984884,+,Inf,0,2,FALSE,TRUE,TRUE,m64204e_210119_131735/11535161/ccs,186,HighConfidence,-
analysis-pt_047_001-6714-flnc,TXLNG:NPIPB5,chrX,16786589,+,chr16,22523820,+,Inf,0,2,TRUE,TRUE,TRUE,m64204e_210119_131735/142147929/ccs,129,HighConfidence,-
analysis-pt_047_001-6714-flnc,RP1-154K9.2:LTBP4,chrX,42581371,+,chr19,40600068,+,Inf,0,2,FALSE,TRUE,TRUE,m64204e_210119_131735/164233651/ccs,222,HighConfidence,-
analysis-pt_047_001-6714-flnc,SLC12A6:TRAPPC12,chr15,34336410,-,chr2,3387620,+,Inf,0,2,FALSE,TRUE,TRUE,m64204e_210119_131735/4194839/ccs,1540,HighConfidence,-
analysis-pt_047_002-6715-flnc,LRRC27:CYHR1,chr10,132351753,+,chr8,144453460,-,Inf,0,2,FALSE,TRUE,TRUE,m64204e_210120_132555/104857845/ccs,1316,HighConfidence,-
analysis-pt_047_002-6715-flnc,WAC:CCDC14,chr10,28535757,+,chr3,123949132,-,Inf,0,2,TRUE,TRUE,TRUE,m64204e_210120_132555/33753446/ccs,689,HighConfidence,-
analysis-pt_047_002-6715-flnc,CCAR1:RAB1A,chr10,68757377,+,chr2,65089070,-,Inf,0,2,TRUE,TRUE,TRUE,m64204e_210120_132555/170002694/ccs,2015,HighConfidence,-
analysis-pt_047_002-6715-flnc,ATP5C1:PRKDC,chr10,7799194,+,chr8,47852784,-,Inf,0,2,TRUE,TRUE,TRUE,m64204e_210120_132555/79627957/ccs,458,HighConfidence,-
analysis-pt_047_002-6715-flnc,HPS1:SRCAP,chr10,98443124,-,chr16,30728966,+,Inf,0,2,TRUE,TRUE,TRUE,m64204e_210120_132555/160695030/ccs,272,HighConfidence,-
analysis-pt_047_002-6715-flnc,ARHGEF12:EXOC5,chr11,120460757,+,chr14,57232749,-,Inf,0,2,TRUE,TRUE,TRUE,m64204e_210120_132555/103416158/ccs,3318,HighConfidence,-
analysis-pt_047_002-6715-flnc,METTL15:MYO18B,chr11,28113604,+,chr22,25823505,+,Inf,0,2,FALSE,TRUE,TRUE,m64204e_210120_132555/103416515/ccs,1358,HighConfidence,-
analysis-pt_047_002-6715-flnc,RAG1:RAB3GAP1,chr11,36568122,+,chr2,135120819,+,Inf,0,2,FALSE,TRUE,TRUE,m64204e_210120_132555/146868606/ccs,114,HighConfidence,-
analysis-pt_047_002-6715-flnc,KIAA0907:HNRNPUL1,chr1,155915873,-,chr19,41268223,+,Inf,0,2,FALSE,TRUE,TRUE,m64204e_210120_132555/25559376/ccs,1661,HighConfidence,-
analysis-pt_047_002-6715-flnc,TRAF3IP3:UBAP2,chr1,209763587,+,chr9,33948587,-,Inf,0,2,TRUE,TRUE,TRUE,m64204e_210120_132555/114753891/ccs,1053,HighConfidence,-
analysis-pt_047_002-6715-flnc,ATP2A2:MATR3,chr12,110282795,+,chr5,139314675,+,Inf,0,2,TRUE,TRUE,TRUE,m64204e_210120_132555/143787350/ccs,317,HighConfidence,-
analysis-pt_047_002-6715-flnc,DENR:INSR,chr12,122753807,+,chr19,7184637,-,Inf,0,2,TRUE,TRUE,TRUE,m64204e_210120_132555/59966062/ccs,181,HighConfidence,-
analysis-pt_047_002-6715-flnc,LRMP:SYK,chr12,25052956,+,chr9,90843858,+,Inf,0,2,FALSE,TRUE,TRUE,m64204e_210120_132555/10946079/ccs,376,HighConfidence,-
analysis-pt_047_002-6715-flnc,CPSF6:ZBTB1,chr12,69262562,+,chr14,64521487,+,Inf,0,2,FALSE,TRUE,TRUE,m64204e_210120_132555/155517765/ccs,1726,HighConfidence,Yes
analysis-pt_047_002-6715-flnc,CPSF6:ZNF85,chr12,69262562,+,chr19,20948744,+,Inf,0,2,FALSE,TRUE,TRUE,m64204e_210120_132555/40764906/ccs,1735,HighConfidence,-
analysis-pt_047_002-6715-flnc,SCMH1:RUNX1,chr1,41046407,-,chr21,34792610,-,Inf,0,2,TRUE,TRUE,TRUE,m64204e_210120_132555/125634798/ccs,1549,HighConfidence,-
analysis-pt_047_002-6715-flnc,CHD8:CLTC,chr14,21426128,-,chr17,59660391,+,Inf,0,2,TRUE,TRUE,TRUE,m64204e_210120_132555/106957316/ccs,1575,HighConfidence,-
analysis-pt_047_002-6715-flnc,L2HGDH:PDS5B,chr14,50312011,-,chr13,32658239,+,Inf,0,2,FALSE,TRUE,TRUE,m64204e_210120_132555/101647095/ccs,220,HighConfidence,-
analysis-pt_047_002-6715-flnc,ZFAND6:TMX3,chr15,80059809,+,chr18,68698031,-,Inf,0,2,FALSE,TRUE,TRUE,m64204e_210120_132555/152437041/ccs,144,HighConfidence,-
analysis-pt_047_002-6715-flnc,MRPS11:LARP4B,chr15,88468024,+,chr10,820845,-,Inf,0,2,TRUE,TRUE,TRUE,m64204e_210120_132555/107676973/ccs,216,HighConfidence,-
analysis-pt_047_002-6715-flnc,KIAA0430:MYH10,chr16,15624769,-,chr17,8500970,-,Inf,0,2,TRUE,TRUE,TRUE,m64204e_210120_132555/63701028/ccs,590,HighConfidence,-
analysis-pt_047_002-6715-flnc,ABCC1:PHLPP1,chr16,16014628,+,chr18,62860435,+,Inf,0,2,TRUE,TRUE,TRUE,m64204e_210120_132555/18678549/ccs,654,HighConfidence,-
analysis-pt_047_002-6715-flnc,GGA3:CUL4A,chr17,75246712,-,chr13,113236823,+,Inf,0,2,TRUE,TRUE,TRUE,m64204e_210120_132555/123994369/ccs,162,HighConfidence,-
analysis-pt_047_002-6715-flnc,HAUS1:PTBP3,chr18,46105368,+,chr9,112297916,-,Inf,0,2,FALSE,TRUE,TRUE,m64204e_210120_132555/11142659/ccs,232,HighConfidence,-
analysis-pt_047_002-6715-flnc,ARRDC2:KNTC1,chr19,18001573,+,chr12,122542050,+,Inf,0,2,TRUE,TRUE,TRUE,m64204e_210120_132555/131074770/ccs,315,HighConfidence,-
analysis-pt_047_002-6715-flnc,RP4-717I23.3:PAX5,chr1,93339357,-,chr9,37020801,-,Inf,0,2,FALSE,TRUE,TRUE,m64204e_210120_132555/34276065/ccs,302,HighConfidence,-
analysis-pt_047_002-6715-flnc,HKR1:JADE3,chr19,37324265,+,chrX,46984884,+,Inf,0,2,FALSE,TRUE,TRUE,m64204e_210120_132555/151717148/ccs,441,HighConfidence,-
analysis-pt_047_002-6715-flnc,PTBP2:TOP2B,chr1,96723594,+,chr3,25638310,-,Inf,0,2,FALSE,TRUE,TRUE,m64204e_210120_132555/174525243/ccs,118,HighConfidence,-
analysis-pt_047_002-6715-flnc,ADA:NT5C2,chr20,44620299,-,chr10,103174982,-,Inf,0,2,FALSE,TRUE,TRUE,m64204e_210120_132555/121637101/ccs,1082,HighConfidence,-
analysis-pt_047_002-6715-flnc,ZNFX1:CANX,chr20,49264716,-,chr5,179709873,+,Inf,0,2,TRUE,TRUE,TRUE,m64204e_210120_132555/119342530/ccs,2237,HighConfidence,-
analysis-pt_047_002-6715-flnc,RUNX1:PRDM7,chr21,35048842,-,chr16,90066910,-,Inf,0,2,TRUE,TRUE,TRUE,m64204e_210120_132555/27854188/ccs,314,HighConfidence,-
analysis-pt_047_002-6715-flnc,TTC3:EHMT1,chr21,37073364,+,chr9,137716626,+,Inf,0,2,FALSE,TRUE,TRUE,m64204e_210120_132555/110430632/ccs,98,HighConfidence,-
analysis-pt_047_002-6715-flnc,MTMR3:LRBA,chr22,29957088,+,chr4,150761847,-,Inf,0,2,FALSE,TRUE,TRUE,m64204e_210120_132555/167904778/ccs,221,HighConfidence,-
analysis-pt_047_002-6715-flnc,LINC01237:SPTAN1,chr2,241882635,+,chr9,128600080,+,Inf,0,2,FALSE,TRUE,TRUE,m64204e_210120_132555/132844098/ccs,186,HighConfidence,-
analysis-pt_047_002-6715-flnc,LINC01237:TGIF2,chr2,241966047,+,chr20,36578741,+,Inf,0,2,FALSE,TRUE,TRUE,m64204e_210120_132555/156436620/ccs,450,HighConfidence,-
analysis-pt_047_002-6715-flnc,YWHAQ:SSH1,chr2,9630159,-,chr12,108818313,-,Inf,0,2,FALSE,TRUE,TRUE,m64204e_210120_132555/176097825/ccs,417,HighConfidence,-
analysis-pt_047_002-6715-flnc,ATG7:LUC7L3,chr3,11380052,+,chr17,50736960,+,Inf,0,2,TRUE,TRUE,TRUE,m64204e_210120_132555/113509639/ccs,2108,HighConfidence,-
analysis-pt_047_002-6715-flnc,POLQ:FBXO38,chr3,121511887,-,chr5,148401982,+,Inf,0,2,FALSE,TRUE,TRUE,m64204e_210120_132555/135856524/ccs,1723,HighConfidence,-
analysis-pt_047_002-6715-flnc,TOPBP1:BRWD1,chr3,133637876,-,chr21,39215362,-,Inf,0,2,FALSE,TRUE,TRUE,m64204e_210120_132555/122880353/ccs,2722,HighConfidence,-
analysis-pt_047_002-6715-flnc,PLA2G12A:SFMBT2,chr4,109729602,-,chr10,7248649,-,Inf,0,2,FALSE,TRUE,TRUE,m64204e_210120_132555/126813261/ccs,298,HighConfidence,-
analysis-pt_047_002-6715-flnc,PCDHGB2:SRP9,chr5,141362556,+,chr1,225777935,+,Inf,0,2,TRUE,TRUE,TRUE,m64204e_210120_132555/22742244/ccs,2559,HighConfidence,-
analysis-pt_047_002-6715-flnc,ARAP3:ENSA,chr5,141664922,-,chr1,150622859,-,Inf,0,2,FALSE,TRUE,TRUE,m64204e_210120_132555/113576648/ccs,2850,HighConfidence,-
analysis-pt_047_002-6715-flnc,PTPRK:TOP2B,chr6,128397566,-,chr3,25645470,-,Inf,0,2,FALSE,TRUE,TRUE,m64204e_210120_132555/176359769/ccs,232,HighConfidence,-
analysis-pt_047_002-6715-flnc,STK38:XPO6,chr6,36506583,-,chr16,28181031,-,Inf,0,2,TRUE,TRUE,TRUE,m64204e_210120_132555/72679587/ccs,391,HighConfidence,-
analysis-pt_047_002-6715-flnc,XPO5:PARP1,chr6,43533907,-,chr1,226390624,-,Inf,0,2,FALSE,TRUE,TRUE,m64204e_210120_132555/143656196/ccs,2650,HighConfidence,-
analysis-pt_047_002-6715-flnc,POLR2J3:SATB1,chr7,102566997,-,chr3,18420991,-,Inf,0,2,FALSE,TRUE,TRUE,m64204e_210120_132555/17695492/ccs,266,HighConfidence,-
analysis-pt_047_002-6715-flnc,THSD7A:STAG1,chr7,11541419,-,chr3,136502779,-,Inf,0,2,TRUE,TRUE,TRUE,m64204e_210120_132555/162793149/ccs,132,HighConfidence,-
analysis-pt_047_002-6715-flnc,ZC3HAV1L:CHMP1A,chr7,139026708,-,chr16,89647331,-,Inf,0,2,FALSE,TRUE,TRUE,m64204e_210120_132555/171049468/ccs,899,HighConfidence,Yes
analysis-pt_047_002-6715-flnc,TNS3:LRP8,chr7,47435282,-,chr1,53326992,-,Inf,0,2,FALSE,TRUE,TRUE,m64204e_210120_132555/112854846/ccs,702,HighConfidence,-
analysis-pt_047_002-6715-flnc,ZNF107:UHRF1,chr7,64679336,+,chr19,4910876,+,Inf,0,2,FALSE,TRUE,TRUE,m64204e_210120_132555/152240717/ccs,270,HighConfidence,-
analysis-pt_047_002-6715-flnc,PAG1:SF3B3,chr8,81029996,-,chr16,70532479,+,Inf,0,2,FALSE,TRUE,TRUE,m64204e_210120_132555/108726013/ccs,573,HighConfidence,-
analysis-pt_047_002-6715-flnc,RP11-473E2.2:E2F3,chr9,134505546,+,chr6,20479846,+,Inf,0,2,FALSE,TRUE,TRUE,m64204e_210120_132555/152570648/ccs,180,HighConfidence,-
analysis-pt_047_002-6715-flnc,HIATL2:FAM65B,chr9,96918643,-,chr6,24875817,-,Inf,0,2,FALSE,TRUE,TRUE,m64204e_210120_132555/107612164/ccs,903,HighConfidence,-
analysis-pt_047_002-6715-flnc,PPP2R5E:ST6GAL1,chr14,63539529,-,chr3,186963785,+,Inf,0,2,FALSE,TRUE,TRUE,m64204e_210120_132555/37880428/ccs,674,HighConfidence,-
