"Fusion gene","Found in DB","arriba","fusioncatcher","pizzly","squid","starfusion","Tools hits","Score"
"RUNX1--PRDM7","[]","true","true","true","true","true","5","0.312"
"ARL17A--KANSL1","[""FusionGDB"",""FusionGDB2""]","false","true","true","false","true","3","0.287"
"ARL17B--KANSL1","[""FusionGDB2""]","true","true","true","false","false","3","0.188"
"RUNX1--URAHP","[]","true","true","false","false","true","3","0.188"
"ETV6--RUNX1","[""COSMIC"",""FusionGDB"",""FusionGDB2""]","true","true","true","false","false","3","0.488"
"PHAX--AC007450.2","[]","true","true","false","false","true","3","0.188"
"TRAF3IP2--REV3L","[""FusionGDB"",""FusionGDB2""]","true","false","true","false","true","3","0.287"
"RUNX1--PRDM9","[]","false","true","true","false","false","2","0.125"
"PSPC1--ZMYM5","[""FusionGDB2""]","false","true","true","false","false","2","0.125"
"AC013477.1--TMEM131L","[]","false","true","true","false","false","2","0.125"
"MND1--TMEM131L","[]","false","true","true","false","false","2","0.125"
"HACL1--COLQ","[""FusionGDB2""]","false","true","true","false","false","2","0.125"
"ACE2--TRPM4","[]","false","true","true","false","false","2","0.125"
"ATG10--SSBP2","[]","false","true","true","false","false","2","0.125"
"NSF--LRRC37A3","[]","false","true","true","false","false","2","0.125"
"ALG14--CNN3","[""FusionGDB2""]","false","true","true","false","false","2","0.125"
"BLNK--DNTT","[]","false","true","true","false","false","2","0.125"
"CHCHD10--VPREB3","[]","false","true","true","false","false","2","0.125"
"CTBS--GNG5","[]","false","true","true","false","false","2","0.125"
"ITFG1--NETO2","[""FusionGDB2""]","false","true","true","false","false","2","0.125"
"NAIP--OCLN","[""FusionGDB2""]","false","true","true","false","false","2","0.125"
"PPP6R3--LRP5","[""FusionGDB2""]","false","true","true","false","false","2","0.125"
"SMARCA4--LDLR","[""FusionGDB2""]","false","true","true","false","false","2","0.125"
"HIF1A--SNAPC1","[]","true","false","true","false","false","2","0.125"
"RNF125--AC011825.3","[]","true","false","false","true","false","2","0.125"