#gene1	gene2	strand1(gene/fusion)	strand2(gene/fusion)	breakpoint1	breakpoint2	site1	site2	type	split_reads1	split_reads2	discordant_mates	coverage1	coverage2	confidence	reading_frame	tags	retained_protein_domains	closest_genomic_breakpoint1	closest_genomic_breakpoint2	gene_id1	gene_id2	transcript_id1	transcript_id2	direction1	direction2	filters	fusion_transcript	peptide_sequence	read_identifiers
BTG1	LINC02404(3758),AC090049.1(17041)	-/-	./-	12:92144289	12:91884417	CDS	intergenic	deletion/read-through	49	39	32	269	181	high	out-of-frame	.	BTG_family(81%)|	.	.	ENSG00000133639	.	ENST00000256015	.	upstream	downstream	duplicates(12),mismatches(12)	GGCTCACGAGCGAGCGACAGCTGCAGACCTTCAGCCAGAGCCTGCAGGAGCTGCTGGCAG___AACATTATAAACATCACTGGTTCCCAGAAAAGCCATGCAAGGGATCGGGTTACCGTTGTATTCGCATCAACCATAAAATGGATCCTCTGATTGGACAGGCAGCACAGCGGATTGGACTGAGCAGTCAGGAGCTGTTCAGGCTTCTCCCAAGTGAACcC|c|GgGAAAtAGCGGCTCCTAGCTTTCATACATTTCCAGGATCAAGCCATTTCACTTTTTAATCATAATGACCATAATAATAATTGCTCTAATAGTTATTGCATAGATACCACCATTAAGCAAGTTAAGTTCTCAATATCTCAGTTTACCCATCTGTACAATAACAATGATAACGTCCTCCTAAAATGTCATGAGGATTAAGTGATAGAATGTATATCATTACTGGACT	LTSERQLQTFSQSLQELLAEHYKHHWFPEKPCKGSGYRCIRINHKMDPLIGQAAQRIGLSSQELFRLLPSEp|reiaapsfhtfpgsshftf*	A00181:25:H7TFJDMXX:1:1106:32054:10097,A00181:25:H7TFJDMXX:1:1117:17400:6793,A00181:25:H7TFJDMXX:1:1158:28176:1595,A00181:25:H7TFJDMXX:1:1231:24867:18818,A00181:25:H7TFJDMXX:1:1254:4815:4382,A00181:25:H7TFJDMXX:1:1257:3830:14669,A00181:25:H7TFJDMXX:1:1271:18466:3850,A00181:25:H7TFJDMXX:1:1271:5068:8703,A00181:25:H7TFJDMXX:1:1278:19605:12806,A00181:25:H7TFJDMXX:1:1338:4661:13980,A00181:25:H7TFJDMXX:1:1354:9941:18333,A00181:25:H7TFJDMXX:1:1386:25861:9612,A00181:25:H7TFJDMXX:1:1412:10655:4038,A00181:25:H7TFJDMXX:1:1412:10682:3991,A00181:25:H7TFJDMXX:1:1426:7509:23046,A00181:25:H7TFJDMXX:1:1463:3332:10488,A00181:25:H7TFJDMXX:1:2104:17327:17722,A00181:25:H7TFJDMXX:1:2117:19904:2206,A00181:25:H7TFJDMXX:1:2222:32217:30702,A00181:25:H7TFJDMXX:1:2245:19199:4241,A00181:25:H7TFJDMXX:1:2249:2537:10144,A00181:25:H7TFJDMXX:1:2259:26820:6918,A00181:25:H7TFJDMXX:1:2281:14235:26741,A00181:25:H7TFJDMXX:1:2307:31060:12665,A00181:25:H7TFJDMXX:1:2488:30662:6590,A00181:25:H7TFJDMXX:2:1101:2492:10661,A00181:25:H7TFJDMXX:2:1118:23529:24518,A00181:25:H7TFJDMXX:2:1126:17806:4335,A00181:25:H7TFJDMXX:2:1164:16297:33786,A00181:25:H7TFJDMXX:2:1225:24415:24079,A00181:25:H7TFJDMXX:2:1255:2022:7999,A00181:25:H7TFJDMXX:2:1257:16116:17503,A00181:25:H7TFJDMXX:2:1257:31277:13354,A00181:25:H7TFJDMXX:2:1348:15420:15327,A00181:25:H7TFJDMXX:2:1430:9778:8375,A00181:25:H7TFJDMXX:2:1431:8883:23578,A00181:25:H7TFJDMXX:2:1474:10592:3928,A00181:25:H7TFJDMXX:2:2114:10827:4492,A00181:25:H7TFJDMXX:2:2143:8648:8860,A00181:25:H7TFJDMXX:2:2151:31141:7420,A00181:25:H7TFJDMXX:2:2265:4137:1360,A00181:25:H7TFJDMXX:2:2307:31837:21527,A00181:25:H7TFJDMXX:2:2321:9118:30217,A00181:25:H7TFJDMXX:2:2334:10664:4867,A00181:25:H7TFJDMXX:2:2407:9498:12649,A00181:25:H7TFJDMXX:2:2419:31412:26021,A00181:25:H7TFJDMXX:2:2426:14959:25081,A00181:25:H7TFJDMXX:2:2472:28420:30921,A00181:25:H7TFJDMXX:1:1154:31385:15421,A00181:25:H7TFJDMXX:1:1165:12834:34616,A00181:25:H7TFJDMXX:1:1288:19397:7185,A00181:25:H7TFJDMXX:1:1363:15808:20290,A00181:25:H7TFJDMXX:1:1369:18394:17284,A00181:25:H7TFJDMXX:1:1374:12472:30013,A00181:25:H7TFJDMXX:1:1412:32904:30107,A00181:25:H7TFJDMXX:1:1431:13801:10958,A00181:25:H7TFJDMXX:1:1449:29270:19304,A00181:25:H7TFJDMXX:1:1455:15890:18897,A00181:25:H7TFJDMXX:1:2127:23014:12226,A00181:25:H7TFJDMXX:1:2138:11243:28166,A00181:25:H7TFJDMXX:1:2230:6352:4789,A00181:25:H7TFJDMXX:1:2244:19669:29982,A00181:25:H7TFJDMXX:1:2250:17264:36057,A00181:25:H7TFJDMXX:1:2287:3061:2628,A00181:25:H7TFJDMXX:1:2339:19651:26850,A00181:25:H7TFJDMXX:1:2349:1506:11616,A00181:25:H7TFJDMXX:1:2374:3685:18771,A00181:25:H7TFJDMXX:1:2432:21667:12618,A00181:25:H7TFJDMXX:1:2433:12346:26757,A00181:25:H7TFJDMXX:1:2434:15863:13056,A00181:25:H7TFJDMXX:1:2478:6967:17378,A00181:25:H7TFJDMXX:2:1123:9543:11036,A00181:25:H7TFJDMXX:2:1167:13738:19774,A00181:25:H7TFJDMXX:2:1201:21404:35117,A00181:25:H7TFJDMXX:2:1217:24198:28588,A00181:25:H7TFJDMXX:2:1221:26323:25692,A00181:25:H7TFJDMXX:2:1301:11686:15562,A00181:25:H7TFJDMXX:2:1321:30816:33035,A00181:25:H7TFJDMXX:2:1321:30888:32878,A00181:25:H7TFJDMXX:2:1332:24089:1063,A00181:25:H7TFJDMXX:2:1332:4381:19946,A00181:25:H7TFJDMXX:2:1334:26955:22529,A00181:25:H7TFJDMXX:2:1413:30355:28886,A00181:25:H7TFJDMXX:2:1438:18114:34084,A00181:25:H7TFJDMXX:2:1449:6912:33098,A00181:25:H7TFJDMXX:2:1454:32262:14810,A00181:25:H7TFJDMXX:2:1465:16504:1924,A00181:25:H7TFJDMXX:2:1466:13295:31908,A00181:25:H7TFJDMXX:2:1472:10610:9408,A00181:25:H7TFJDMXX:2:2118:26241:26334,A00181:25:H7TFJDMXX:2:2122:2971:13933,A00181:25:H7TFJDMXX:2:2126:17318:10285,A00181:25:H7TFJDMXX:2:2140:4571:32863,A00181:25:H7TFJDMXX:2:2143:27091:13150,A00181:25:H7TFJDMXX:2:2152:32280:17503,A00181:25:H7TFJDMXX:2:2186:4481:16830,A00181:25:H7TFJDMXX:2:2221:19298:14967,A00181:25:H7TFJDMXX:2:2236:11433:25207,A00181:25:H7TFJDMXX:2:2248:27914:5306,A00181:25:H7TFJDMXX:2:2258:29369:36667,A00181:25:H7TFJDMXX:2:2275:22037:7341,A00181:25:H7TFJDMXX:2:2301:23800:9580,A00181:25:H7TFJDMXX:2:2313:10167:2910,A00181:25:H7TFJDMXX:2:2323:21151:31015,A00181:25:H7TFJDMXX:2:2366:12518:37043,A00181:25:H7TFJDMXX:2:2440:13548:21762,A00181:25:H7TFJDMXX:2:2445:16016:3615,A00181:25:H7TFJDMXX:1:1133:13548:27242,A00181:25:H7TFJDMXX:1:1167:11957:6856,A00181:25:H7TFJDMXX:1:1168:11704:17378,A00181:25:H7TFJDMXX:1:1224:5484:1814,A00181:25:H7TFJDMXX:1:1258:16242:4507,A00181:25:H7TFJDMXX:1:1282:21350:25066,A00181:25:H7TFJDMXX:1:1316:23818:1344,A00181:25:H7TFJDMXX:1:1340:2989:17785,A00181:25:H7TFJDMXX:1:1382:15004:36464,A00181:25:H7TFJDMXX:1:1437:7717:34303,A00181:25:H7TFJDMXX:1:2108:6234:3677,A00181:25:H7TFJDMXX:1:2214:10556:14982,A00181:25:H7TFJDMXX:1:2340:3477:17722,A00181:25:H7TFJDMXX:1:2404:10122:18803,A00181:25:H7TFJDMXX:1:2410:20835:20948,A00181:25:H7TFJDMXX:1:2410:21350:20431,A00181:25:H7TFJDMXX:2:1136:18078:7623,A00181:25:H7TFJDMXX:2:1153:4815:25426,A00181:25:H7TFJDMXX:2:1275:18837:15389,A00181:25:H7TFJDMXX:2:1326:17978:7420,A00181:25:H7TFJDMXX:2:1343:16604:22670,A00181:25:H7TFJDMXX:2:1460:25120:20635,A00181:25:H7TFJDMXX:2:1474:4770:36025,A00181:25:H7TFJDMXX:2:1474:4878:36182,A00181:25:H7TFJDMXX:2:2117:5629:30874,A00181:25:H7TFJDMXX:2:2121:22299:23171,A00181:25:H7TFJDMXX:2:2172:6551:22764,A00181:25:H7TFJDMXX:2:2248:10303:35931,A00181:25:H7TFJDMXX:2:2321:16794:8625,A00181:25:H7TFJDMXX:2:2357:26865:2550,A00181:25:H7TFJDMXX:2:2370:9109:8750,A00181:25:H7TFJDMXX:2:2370:9173:9737,A00181:25:H7TFJDMXX:2:2409:18638:36057,A00181:25:H7TFJDMXX:2:2413:14498:30264,A00181:25:H7TFJDMXX:2:2439:14687:3975,A00181:25:H7TFJDMXX:2:2476:14416:17472,A00181:25:H7TFJDMXX:2:2484:5231:11240
RUNX1	PRDM7	-/-	-/-	21:35048842	16:90061519	CDS/splice-site	CDS/splice-site	translocation	29	25	16	190	123	high	out-of-frame	.	.	.	.	ENSG00000159216	ENSG00000126856	ENST00000675419	ENST00000325921	upstream	downstream	duplicates(10),mismatches(4)	GAAGTCTGAACCCAGCATAGTGGTCAGCAGGCAGGACGAATCACACTGAATGCAAACCACAGGGTTTCGCAGCGTG___GTAAAAGAAATCATTGAGTCCCCCGCCTTCAGAAGAGGGTGCATTTTCAGGAGGAAGCGATGGCTTCAGACAGCATATTTGAGTCATTTCCTTCGTACCCACAGTGCTTCATGAGAG|ATCACCAAGGGGAGAAACTGCTATGAGTATGTGGATGGAAAAGATAAATCCTCGGCCAACTGGATGAG___AACCAAAGCCAGAGATCCATCCATGTCCCTCATGCTGTCTGGCCTTTTCAAGTCAAAAATTTCTCAGTCAACATGTGGAACGCAATCACTCCTCTCAGAACTTCCCAGGACCATCTGCAAGAAAACTTCTCCAACCAGAGAATCCCTGCCCAGGGGATCAGAATCAGGAGCGGCAATATTCTGATCCACGCTGCT	MASDSIFESFPSYPQCFMR|dhqgekll*	A00181:25:H7TFJDMXX:1:1232:20591:27853,A00181:25:H7TFJDMXX:1:1259:4164:3192,A00181:25:H7TFJDMXX:1:1350:10303:31360,A00181:25:H7TFJDMXX:1:1404:2428:25614,A00181:25:H7TFJDMXX:1:1404:2456:25661,A00181:25:H7TFJDMXX:1:1468:31919:16344,A00181:25:H7TFJDMXX:1:1488:25066:12555,A00181:25:H7TFJDMXX:1:2187:1127:10457,A00181:25:H7TFJDMXX:1:2240:21658:29794,A00181:25:H7TFJDMXX:1:2310:4607:35211,A00181:25:H7TFJDMXX:1:2332:5059:10379,A00181:25:H7TFJDMXX:2:1205:32560:29825,A00181:25:H7TFJDMXX:2:1218:4896:2988,A00181:25:H7TFJDMXX:2:1265:30255:36573,A00181:25:H7TFJDMXX:2:1279:12924:30796,A00181:25:H7TFJDMXX:2:1312:11460:23782,A00181:25:H7TFJDMXX:2:1357:11261:23062,A00181:25:H7TFJDMXX:2:1363:31331:35618,A00181:25:H7TFJDMXX:2:1384:24053:32659,A00181:25:H7TFJDMXX:2:1450:19063:15092,A00181:25:H7TFJDMXX:2:2202:24343:7482,A00181:25:H7TFJDMXX:2:2208:18945:22999,A00181:25:H7TFJDMXX:2:2320:29758:36151,A00181:25:H7TFJDMXX:2:2358:25283:2660,A00181:25:H7TFJDMXX:2:2381:8892:15765,A00181:25:H7TFJDMXX:2:2381:9444:16000,A00181:25:H7TFJDMXX:2:2440:20265:9251,A00181:25:H7TFJDMXX:2:2471:5728:7059,A00181:25:H7TFJDMXX:1:1142:20329:12305,A00181:25:H7TFJDMXX:1:1147:3378:29857,A00181:25:H7TFJDMXX:1:1176:30092:21637,A00181:25:H7TFJDMXX:1:1176:30472:21605,A00181:25:H7TFJDMXX:1:1219:15221:4460,A00181:25:H7TFJDMXX:1:1241:31747:26036,A00181:25:H7TFJDMXX:1:1260:4616:28902,A00181:25:H7TFJDMXX:1:1305:8296:20087,A00181:25:H7TFJDMXX:1:1341:15953:34068,A00181:25:H7TFJDMXX:1:1341:16957:36558,A00181:25:H7TFJDMXX:1:1410:2320:15186,A00181:25:H7TFJDMXX:1:1449:3712:11428,A00181:25:H7TFJDMXX:1:1474:16468:2206,A00181:25:H7TFJDMXX:1:2134:16224:18850,A00181:25:H7TFJDMXX:1:2208:4237:19727,A00181:25:H7TFJDMXX:1:2216:16767:6042,A00181:25:H7TFJDMXX:1:2336:2202:9001,A00181:25:H7TFJDMXX:1:2377:20699:4554,A00181:25:H7TFJDMXX:1:2462:22245:33223,A00181:25:H7TFJDMXX:1:2462:22309:33207,A00181:25:H7TFJDMXX:2:1124:22968:15906,A00181:25:H7TFJDMXX:2:1221:30807:14450,A00181:25:H7TFJDMXX:2:1224:3152:21856,A00181:25:H7TFJDMXX:2:1232:13946:37043,A00181:25:H7TFJDMXX:2:1282:22399:21214,A00181:25:H7TFJDMXX:2:1330:28203:14638,A00181:25:H7TFJDMXX:2:1354:29505:1861,A00181:25:H7TFJDMXX:2:1383:32542:1485,A00181:25:H7TFJDMXX:2:1425:22182:11600,A00181:25:H7TFJDMXX:2:1432:31286:19132,A00181:25:H7TFJDMXX:2:1455:27986:23124,A00181:25:H7TFJDMXX:2:1465:25301:28526,A00181:25:H7TFJDMXX:2:1486:23863:26600,A00181:25:H7TFJDMXX:2:2124:21115:15170,A00181:25:H7TFJDMXX:2:2181:25093:22310,A00181:25:H7TFJDMXX:2:2228:20889:3443,A00181:25:H7TFJDMXX:2:2273:3134:18161,A00181:25:H7TFJDMXX:2:2273:3260:18349,A00181:25:H7TFJDMXX:2:2485:13241:15749,A00181:25:H7TFJDMXX:1:1268:11858:31266,A00181:25:H7TFJDMXX:1:1273:23601:17221,A00181:25:H7TFJDMXX:1:1304:27371:22874,A00181:25:H7TFJDMXX:1:1373:32461:6950,A00181:25:H7TFJDMXX:1:2110:31069:24768,A00181:25:H7TFJDMXX:1:2114:22010:6136,A00181:25:H7TFJDMXX:1:2275:9923:16016,A00181:25:H7TFJDMXX:1:2279:13783:25833,A00181:25:H7TFJDMXX:1:2311:14787:11130,A00181:25:H7TFJDMXX:1:2362:24840:29011,A00181:25:H7TFJDMXX:2:1244:5339:19852,A00181:25:H7TFJDMXX:2:1345:2121:22138,A00181:25:H7TFJDMXX:2:1404:24668:29371,A00181:25:H7TFJDMXX:2:2169:7572:7654,A00181:25:H7TFJDMXX:2:2265:13910:20228,A00181:25:H7TFJDMXX:2:2379:16984:20447,A00181:25:H7TFJDMXX:2:2379:17128:20259
RUNX1	PRDM7	-/-	-/-	21:35048842	16:90062192	CDS/splice-site	CDS/splice-site	translocation	8	4	24	190	37	high	in-frame	.	.	.	.	ENSG00000159216	ENSG00000126856	ENST00000675419	ENST00000449207	upstream	downstream	duplicates(7)	CCTGGCAGTGTCAGAAGTCTGAACCCAGCATAGTGGTCAGCAGGCAGGACGAATCACACTGAATGCAAACCACAGGGTTTCGCAGCGTG___GTAAAAGAAATCATTGAGTCCCCCGCCTTCAGAAGAGGGTGCATTTTCAGGAGGAAGCGATGGCTTCAGACAGCATATTTGAGTCATTTCCTTCGTACCCACAGTGCTTCATGAGAG|ATTGTGAGATGTGTCAGAACTTCTTCATTGACAGCTGTGCTGCTCATGGGCCCCCTACATTTGTAAAGGACAGTGCAGTGGACAAGGGGCATCCCAACCGTTCAGCCCTCAGTCTGCCCCCGGGGCTGAGAATTGGGCCATCAGGCATCCCTCAGGCTGGGCTTGGAGTATGGAACGAGGCA	MASDSIFESFPSYPQCFMR|dCEMCQNFFIDSCAAHGPPTFVKDSAVDKGHPNRSALSLPPGLRIGPSGIPQAGLGVWNE	A00181:25:H7TFJDMXX:1:1271:23647:11318,A00181:25:H7TFJDMXX:2:1122:2293:20337,A00181:25:H7TFJDMXX:2:1239:31629:14747,A00181:25:H7TFJDMXX:2:1259:17400:14591,A00181:25:H7TFJDMXX:2:2210:18521:26365,A00181:25:H7TFJDMXX:2:2210:19108:25911,A00181:25:H7TFJDMXX:2:2210:19135:26115,A00181:25:H7TFJDMXX:1:1318:20193:23750,A00181:25:H7TFJDMXX:1:1379:4173:29450,A00181:25:H7TFJDMXX:1:1467:30626:4241,A00181:25:H7TFJDMXX:1:2230:19985:16908,A00181:25:H7TFJDMXX:1:2230:19985:16971,A00181:25:H7TFJDMXX:1:2354:28881:8860,A00181:25:H7TFJDMXX:2:1309:2392:35853,A00181:25:H7TFJDMXX:2:1486:14931:6277,A00181:25:H7TFJDMXX:2:2453:27670:26459,A00181:25:H7TFJDMXX:2:2486:17445:13636,A00181:25:H7TFJDMXX:1:1102:10294:35289,A00181:25:H7TFJDMXX:1:1251:31602:24909,A00181:25:H7TFJDMXX:1:1251:31756:25144,A00181:25:H7TFJDMXX:1:1268:11858:31266,A00181:25:H7TFJDMXX:1:1273:23601:17221,A00181:25:H7TFJDMXX:1:1304:27371:22874,A00181:25:H7TFJDMXX:1:1373:32461:6950,A00181:25:H7TFJDMXX:1:2110:31069:24768,A00181:25:H7TFJDMXX:1:2111:12816:20494,A00181:25:H7TFJDMXX:1:2114:22010:6136,A00181:25:H7TFJDMXX:1:2117:1759:30436,A00181:25:H7TFJDMXX:1:2275:9923:16016,A00181:25:H7TFJDMXX:1:2279:13783:25833,A00181:25:H7TFJDMXX:1:2311:14787:11130,A00181:25:H7TFJDMXX:1:2362:24840:29011,A00181:25:H7TFJDMXX:1:2442:8305:23328,A00181:25:H7TFJDMXX:1:2446:23366:8954,A00181:25:H7TFJDMXX:2:1244:5339:19852,A00181:25:H7TFJDMXX:2:1345:2121:22138,A00181:25:H7TFJDMXX:2:1404:24668:29371,A00181:25:H7TFJDMXX:2:2169:7572:7654,A00181:25:H7TFJDMXX:2:2265:13910:20228,A00181:25:H7TFJDMXX:2:2302:16134:10457,A00181:25:H7TFJDMXX:2:2379:16984:20447,A00181:25:H7TFJDMXX:2:2379:17128:20259,A00181:25:H7TFJDMXX:2:2449:15799:10003
RUNX1	PRDM7	-/-	-/-	21:35048842	16:90066910	CDS/splice-site	CDS/splice-site	translocation	3	4	26	190	7	high	in-frame	.	|SSXRD_motif(100%)	.	.	ENSG00000159216	ENSG00000126856	ENST00000675419	ENST00000449207	upstream	downstream	duplicates(2)	CCTGGCAGTGTCAGAAGTCTGAACCCAGCATAGTGGTCAGCAGGCAGGACGAATCACACTGAATGCAAACCACAGGGTTTCGCAGCGTG___GTAAAAGAAATCATTGAGTCCCCCGCCTTCAGAAGAGGGTGCATTTTCAGGAGGAAGCGATGGCTTCAGACAGCATATTTGAGTCATTTCCTTCGTACCCACAGTGCTTCATGAGAG|TCAAACCTCCTTGGATGGCCTTCAGAGGAGAACAGAGTAAACACCAGAAG___ATCACCAAGGGGAGAAACTGCTATGAGTATGTG	MASDSIFESFPSYPQCFMR|vKPPWMAFRGEQSKHQKITKGRNCYEY	A00181:25:H7TFJDMXX:1:1179:28058:8594,A00181:25:H7TFJDMXX:1:1386:22471:11036,A00181:25:H7TFJDMXX:2:1104:23656:7106,A00181:25:H7TFJDMXX:2:1375:28456:18959,A00181:25:H7TFJDMXX:1:1471:27742:8328,A00181:25:H7TFJDMXX:2:1339:10086:2174,A00181:25:H7TFJDMXX:2:2165:11487:32784,A00181:25:H7TFJDMXX:1:1102:10294:35289,A00181:25:H7TFJDMXX:1:1247:20410:31109,A00181:25:H7TFJDMXX:1:1251:31602:24909,A00181:25:H7TFJDMXX:1:1251:31756:25144,A00181:25:H7TFJDMXX:1:1268:11858:31266,A00181:25:H7TFJDMXX:1:1273:23601:17221,A00181:25:H7TFJDMXX:1:1304:27371:22874,A00181:25:H7TFJDMXX:1:1373:32461:6950,A00181:25:H7TFJDMXX:1:2110:31069:24768,A00181:25:H7TFJDMXX:1:2111:12816:20494,A00181:25:H7TFJDMXX:1:2114:22010:6136,A00181:25:H7TFJDMXX:1:2117:1759:30436,A00181:25:H7TFJDMXX:1:2221:24894:24752,A00181:25:H7TFJDMXX:1:2275:9923:16016,A00181:25:H7TFJDMXX:1:2279:13783:25833,A00181:25:H7TFJDMXX:1:2311:14787:11130,A00181:25:H7TFJDMXX:1:2362:24840:29011,A00181:25:H7TFJDMXX:1:2442:8305:23328,A00181:25:H7TFJDMXX:1:2446:23366:8954,A00181:25:H7TFJDMXX:2:1244:5339:19852,A00181:25:H7TFJDMXX:2:1345:2121:22138,A00181:25:H7TFJDMXX:2:1404:24668:29371,A00181:25:H7TFJDMXX:2:2169:7572:7654,A00181:25:H7TFJDMXX:2:2265:13910:20228,A00181:25:H7TFJDMXX:2:2302:16134:10457,A00181:25:H7TFJDMXX:2:2379:16984:20447,A00181:25:H7TFJDMXX:2:2379:17128:20259,A00181:25:H7TFJDMXX:2:2449:15799:10003
RUNX1	PRDM7	-/-	-/-	21:35048842	16:90058534	CDS/splice-site	CDS/splice-site	translocation	1	0	3	190	150	high	out-of-frame	.	.	.	.	ENSG00000159216	ENSG00000126856	ENST00000675419	ENST00000449207	upstream	downstream	.	GTTGGGTAGCCTGGCAGTGTCAGAAGTCTGAACCCAGCATAGTGGTCAGCAGGCAGGACGAATCACACTGAATGCAAACCACAGGGTTTCGCAGCGTG___GTAAAAGAAATCATTGAGTCCCCCGCCTTCAGAAGAGGGTGCATTTTCAGGAGGAAGCGATGGCTTCAGACAGCATATTTGAGTCATTTCCTTCGTACCCACAGTGCTTCATGAGAG|AACCAAAGCCAGAGATCCATCCATGTCCCTCATGCTGTCTGGCCTTTTCAAGTCAAAAATTTCTCAGTCAACATGTGGAACGCAATCACTCCTCTCAGAACTTCCCAGGACCATCTGCAA...CAGGAGCGGCAATATTCTGATCCACGCTGCTGTAATGACAAAACCAAAGGTCAAGAGATCAAAGAAAGGTCCAAACTCTTGAATAAAAGGACATGGCAGAG	MASDSIFESFPSYPQCFMR|epkpeihpcpscclafssqkflsqhvernhssqnfpgpsa	A00181:25:H7TFJDMXX:2:2166:19976:23531,A00181:25:H7TFJDMXX:1:2275:9923:16016,A00181:25:H7TFJDMXX:1:2311:14787:11130,A00181:25:H7TFJDMXX:2:1404:24668:29371
HIF1A	SNAPC1	+/+	+/+	14:61695839	14:61766876	CDS/splice-site	CDS/splice-site	deletion/read-through	29	16	20	108	149	high	in-frame	.	.	.	.	ENSG00000100644	ENSG00000023608	ENST00000337138	ENST00000216294	downstream	upstream	duplicates(6)	CCCTCTTCGTCGCTTCGGCCAGTGTGTCGGGCTGGGCCCTGACAAGCCACCTGAGGAGAGGCTCGGAGCCGGGCCCGGACCCCGGCGATTGCCGCCCGCTTCTCTCTAGTCTCACGAGGGGTTTCCCGCCTCGCACCCCCACCTCTGGACTTGCCTTTCCTTCTCTTCTCCGCGTGTGGAGGGAGCCAGCGCTTAGGCCGGAGCGAGCCTGGGGGCCGCCCGCCGTGAAGACATCGCGGGGACCGATTCACCATGGAGGGCGCCGGCGGCGCGAACGACAAGAAAAA|TGGCAGAATGAGAAATTTAGAAAAGAACATGTTTACAAAAGAAGCTTTAGCTTTGGCTTGGCGATATTTTTTACCTCCATACACCTTCCAGATCAGAGTTGGTGCTTTGTATCTGCTATATGGATTATATAATACCCAACTGTGTCAACCAAAACAAAAG___ATCAGAGTTGCCCTGAAGGATTGGGATGAAGTTTTAAAATTTCAGCAAGATTTAGTAAATGCAC	MEGAGGANDKKn|GRMRNLEKNMFTKEALALAWRYFLPPYTFQIRVGALYLLYGLYNTQLCQPKQKIRVALKDWDEVLKFQQDLVNA	A00181:25:H7TFJDMXX:1:1120:6813:27289,A00181:25:H7TFJDMXX:1:1120:7157:28040,A00181:25:H7TFJDMXX:1:1271:1714:16110,A00181:25:H7TFJDMXX:1:1325:27462:26882,A00181:25:H7TFJDMXX:1:1373:10664:1767,A00181:25:H7TFJDMXX:1:1386:12879:15092,A00181:25:H7TFJDMXX:1:1412:27742:3286,A00181:25:H7TFJDMXX:1:2120:6397:22373,A00181:25:H7TFJDMXX:1:2140:3577:24533,A00181:25:H7TFJDMXX:1:2243:18792:8829,A00181:25:H7TFJDMXX:1:2317:19090:33833,A00181:25:H7TFJDMXX:1:2332:23411:36276,A00181:25:H7TFJDMXX:1:2343:18620:5744,A00181:25:H7TFJDMXX:1:2377:2763:32894,A00181:25:H7TFJDMXX:1:2379:29830:24565,A00181:25:H7TFJDMXX:1:2382:6569:11365,A00181:25:H7TFJDMXX:1:2477:25138:23109,A00181:25:H7TFJDMXX:1:2481:4182:21981,A00181:25:H7TFJDMXX:1:2488:13494:2127,A00181:25:H7TFJDMXX:2:1166:10728:19946,A00181:25:H7TFJDMXX:2:1172:27606:13291,A00181:25:H7TFJDMXX:2:1232:9326:30170,A00181:25:H7TFJDMXX:2:1267:7889:15624,A00181:25:H7TFJDMXX:2:1412:11568:21214,A00181:25:H7TFJDMXX:2:1478:9064:12806,A00181:25:H7TFJDMXX:2:2101:16143:14888,A00181:25:H7TFJDMXX:2:2153:25437:2425,A00181:25:H7TFJDMXX:2:2167:7374:10567,A00181:25:H7TFJDMXX:2:2185:16468:14231,A00181:25:H7TFJDMXX:2:2185:17219:13839,A00181:25:H7TFJDMXX:2:2207:25174:18975,A00181:25:H7TFJDMXX:2:2257:25599:35493,A00181:25:H7TFJDMXX:1:1114:1877:10567,A00181:25:H7TFJDMXX:1:1351:13675:4194,A00181:25:H7TFJDMXX:1:1351:14299:4241,A00181:25:H7TFJDMXX:1:1424:4255:23234,A00181:25:H7TFJDMXX:1:2111:13250:1892,A00181:25:H7TFJDMXX:1:2121:9616:17989,A00181:25:H7TFJDMXX:1:2210:25409:9674,A00181:25:H7TFJDMXX:1:2247:20961:16188,A00181:25:H7TFJDMXX:1:2256:19967:29215,A00181:25:H7TFJDMXX:1:2322:20473:8703,A00181:25:H7TFJDMXX:1:2401:21902:6136,A00181:25:H7TFJDMXX:2:1174:30472:11835,A00181:25:H7TFJDMXX:2:1234:26341:25034,A00181:25:H7TFJDMXX:2:1302:15754:3192,A00181:25:H7TFJDMXX:2:1313:10583:23547,A00181:25:H7TFJDMXX:2:1366:28646:24768,A00181:25:H7TFJDMXX:2:2171:9136:36104,A00181:25:H7TFJDMXX:2:2174:31982:4742,A00181:25:H7TFJDMXX:2:2307:18511:5431,A00181:25:H7TFJDMXX:1:1149:9001:22968,A00181:25:H7TFJDMXX:1:1369:12002:23312,A00181:25:H7TFJDMXX:1:1438:5891:27696,A00181:25:H7TFJDMXX:1:1455:3233:24565,A00181:25:H7TFJDMXX:1:2168:7600:27524,A00181:25:H7TFJDMXX:1:2185:24478:3771,A00181:25:H7TFJDMXX:1:2210:23918:35399,A00181:25:H7TFJDMXX:1:2271:14389:9064,A00181:25:H7TFJDMXX:1:2323:29550:19163,A00181:25:H7TFJDMXX:1:2354:26775:34491,A00181:25:H7TFJDMXX:1:2381:15501:7545,A00181:25:H7TFJDMXX:2:1165:20826:15671,A00181:25:H7TFJDMXX:2:1301:29595:9439,A00181:25:H7TFJDMXX:2:1327:9037:13542,A00181:25:H7TFJDMXX:2:2117:27832:4069,A00181:25:H7TFJDMXX:2:2127:22878:13025,A00181:25:H7TFJDMXX:2:2235:5177:17973,A00181:25:H7TFJDMXX:2:2259:2618:13260,A00181:25:H7TFJDMXX:2:2387:7581:2973,A00181:25:H7TFJDMXX:2:2417:8332:32268
HIF1A	AL137129.1	+/+	+/+	14:61695839	14:61766876	CDS/splice-site	exon/splice-site	deletion/read-through	29	16	19	108	149	high	out-of-frame	.	.	.	.	ENSG00000100644	ENSG00000258964	ENST00000337138	ENST00000555937	downstream	upstream	duplicates(6)	CCCTCTTCGTCGCTTCGGCCAGTGTGTCGGGCTGGGCCCTGACAAGCCACCTGAGGAGAGGCTCGGAGCCGGGCCCGGACCCCGGCGATTGCCGCCCGCTTCTCTCTAGTCTCACGAGGGGTTTCCCGCCTCGCACCCCCACCTCTGGACTTGCCTTTCCTTCTCTTCTCCGCGTGTGGAGGGAGCCAGCGCTTAGGCCGGAGCGAGCCTGGGGGCCGCCCGCCGTGAAGACATCGCGGGGACCGATTCACCATGGAGGGCGCCGGCGGCGCGAACGACAAGAAAAA|TGGCAGAATGAGAAATTTAGAAAAGAACATGTTTACAAAAGAAGCTTTAGCTTTGGCTTGGCGATATTTTTTACCTCCATACACCTTCCAGATCAGAGTTGGTGCTTTGTATCTGCTATATGGATTATATAATACCCAACTGTGTCAACCAAAACAAAAG___ATCAGAGTTGCCCTGAAGGATTGGGATGAAGTTTTAAAATTTCAGCAAGATTTAGTAAATGCAC	MEGAGGANDKKn|grmrnleknmftkealalawryflppytfqirvgalyllyglyntqlcqpkqkirvalkdwdevlkfqqdlvna	A00181:25:H7TFJDMXX:1:1120:6813:27289,A00181:25:H7TFJDMXX:1:1120:7157:28040,A00181:25:H7TFJDMXX:1:1271:1714:16110,A00181:25:H7TFJDMXX:1:1325:27462:26882,A00181:25:H7TFJDMXX:1:1373:10664:1767,A00181:25:H7TFJDMXX:1:1386:12879:15092,A00181:25:H7TFJDMXX:1:1412:27742:3286,A00181:25:H7TFJDMXX:1:2120:6397:22373,A00181:25:H7TFJDMXX:1:2140:3577:24533,A00181:25:H7TFJDMXX:1:2243:18792:8829,A00181:25:H7TFJDMXX:1:2317:19090:33833,A00181:25:H7TFJDMXX:1:2332:23411:36276,A00181:25:H7TFJDMXX:1:2343:18620:5744,A00181:25:H7TFJDMXX:1:2377:2763:32894,A00181:25:H7TFJDMXX:1:2379:29830:24565,A00181:25:H7TFJDMXX:1:2382:6569:11365,A00181:25:H7TFJDMXX:1:2477:25138:23109,A00181:25:H7TFJDMXX:1:2481:4182:21981,A00181:25:H7TFJDMXX:1:2488:13494:2127,A00181:25:H7TFJDMXX:2:1166:10728:19946,A00181:25:H7TFJDMXX:2:1172:27606:13291,A00181:25:H7TFJDMXX:2:1232:9326:30170,A00181:25:H7TFJDMXX:2:1267:7889:15624,A00181:25:H7TFJDMXX:2:1412:11568:21214,A00181:25:H7TFJDMXX:2:1478:9064:12806,A00181:25:H7TFJDMXX:2:2101:16143:14888,A00181:25:H7TFJDMXX:2:2153:25437:2425,A00181:25:H7TFJDMXX:2:2167:7374:10567,A00181:25:H7TFJDMXX:2:2185:16468:14231,A00181:25:H7TFJDMXX:2:2185:17219:13839,A00181:25:H7TFJDMXX:2:2207:25174:18975,A00181:25:H7TFJDMXX:2:2257:25599:35493,A00181:25:H7TFJDMXX:1:1114:1877:10567,A00181:25:H7TFJDMXX:1:1351:13675:4194,A00181:25:H7TFJDMXX:1:1351:14299:4241,A00181:25:H7TFJDMXX:1:1424:4255:23234,A00181:25:H7TFJDMXX:1:2111:13250:1892,A00181:25:H7TFJDMXX:1:2121:9616:17989,A00181:25:H7TFJDMXX:1:2210:25409:9674,A00181:25:H7TFJDMXX:1:2247:20961:16188,A00181:25:H7TFJDMXX:1:2256:19967:29215,A00181:25:H7TFJDMXX:1:2322:20473:8703,A00181:25:H7TFJDMXX:1:2401:21902:6136,A00181:25:H7TFJDMXX:2:1174:30472:11835,A00181:25:H7TFJDMXX:2:1234:26341:25034,A00181:25:H7TFJDMXX:2:1302:15754:3192,A00181:25:H7TFJDMXX:2:1313:10583:23547,A00181:25:H7TFJDMXX:2:1366:28646:24768,A00181:25:H7TFJDMXX:2:2171:9136:36104,A00181:25:H7TFJDMXX:2:2174:31982:4742,A00181:25:H7TFJDMXX:2:2307:18511:5431,A00181:25:H7TFJDMXX:1:1149:9001:22968,A00181:25:H7TFJDMXX:1:1369:12002:23312,A00181:25:H7TFJDMXX:1:1438:5891:27696,A00181:25:H7TFJDMXX:1:1455:3233:24565,A00181:25:H7TFJDMXX:1:2168:7600:27524,A00181:25:H7TFJDMXX:1:2210:23918:35399,A00181:25:H7TFJDMXX:1:2271:14389:9064,A00181:25:H7TFJDMXX:1:2323:29550:19163,A00181:25:H7TFJDMXX:1:2354:26775:34491,A00181:25:H7TFJDMXX:1:2381:15501:7545,A00181:25:H7TFJDMXX:2:1165:20826:15671,A00181:25:H7TFJDMXX:2:1301:29595:9439,A00181:25:H7TFJDMXX:2:1327:9037:13542,A00181:25:H7TFJDMXX:2:2117:27832:4069,A00181:25:H7TFJDMXX:2:2127:22878:13025,A00181:25:H7TFJDMXX:2:2235:5177:17973,A00181:25:H7TFJDMXX:2:2259:2618:13260,A00181:25:H7TFJDMXX:2:2387:7581:2973,A00181:25:H7TFJDMXX:2:2417:8332:32268
PHAX	AC007450.2	+/+	-/-	5:126617333	12:11516531	CDS/splice-site	intron	translocation	3	2	1	128	5	high	out-of-frame	.	.	.	.	ENSG00000164902	ENSG00000274551	ENST00000297540	ENST00000614160	downstream	downstream	.	AAGAGAAAGTGGCTGATGAAATTTCATTCAG___GTTACAGGAACCAAAGAAAGACCTGATAGCCCGAGTAGTGAGGATTATTGGTAACAAAAAGGCAATTGAA...CGCTGAAGTTGAACAAAATGGTGGTCTCTTTATAATG___AATGGTAGTCGAAGAAGAACACCAGGTGGAGTTTTTCTGAATCTCTTGAAAAACACTCCTAGTATCAGCGAGGAACAAATTAAG|GTGAAGAGTACAATTTTATGAAGAGGGATCCTGGAGAAGTAAACTCACTTGAAGAAAGATATGATTTTGACAGTATCATGCGCTATGCCAGGATCACCTTCTCAAG___GAAAAGAAAAATTTGACACACTACTCTCTCTGCTCCTCACCCC	AEVEQNGGLFIMNGSRRRTPGGVFLNLLKNTPSISEEQIK|vkstil*	A00181:25:H7TFJDMXX:1:1468:13810:36996,A00181:25:H7TFJDMXX:1:1476:6352:34851,A00181:25:H7TFJDMXX:1:1264:19714:8547,A00181:25:H7TFJDMXX:1:2440:16107:19116,A00181:25:H7TFJDMXX:2:2222:7997:18944,A00181:25:H7TFJDMXX:1:1183:30309:9236
RUNX1	URAHP	-/-	-/-	21:35048842	16:90044623	CDS/splice-site	exon/splice-site	translocation	2	2	0	190	9	high	out-of-frame	.	.	.	.	ENSG00000159216	ENSG00000222019	ENST00000675419	ENST00000409873	upstream	downstream	.	GTAGCCTGGCAGTGTCAGAAGTCTGAACCCAGCATAGTGGTCAGCAGGCAGGACGAATCACACTGAATGCAAACCACAGGGTTTCGCAGCGTG___GTAAAAGAAATCATTGAGTCCCCCGCCTTCAGAAGAGGGTGCATTTTCAGGAGGAAGCGATGGCTTCAGACAGCATATTTGAGTCATTTCCTTCGTACCCACAGTGCTTCATGAGAG|CTACACAGACCCAGATGGTCACTGTCCTGGACCAGATGAAGGCAGGCACCTACAAGCTCACCTTCGACACTGAGGGCTACTGGAGGAAGAGGGGGCAGGAAAGCTTCTACCCAC	MASDSIFESFPSYPQCFMR|atqtqmvtvldqmkagtykltfdtegywrkrgqesfyp	A00181:25:H7TFJDMXX:1:1342:7979:3756,A00181:25:H7TFJDMXX:2:1104:5873:2237,A00181:25:H7TFJDMXX:1:1367:18530:33238,A00181:25:H7TFJDMXX:2:2351:14326:32064
RUNX1	URAHP	-/-	-/-	21:35048842	16:90047096	CDS/splice-site	exon/splice-site	translocation	1	1	0	190	5	medium	out-of-frame	.	.	.	.	ENSG00000159216	ENSG00000222019	ENST00000675419	ENST00000409873	upstream	downstream	low_entropy(1)	GGACGAATCACACTGAATGCAAACCACAGGGTTTCGCAGCGTG___GTAAAAGAAATCATTGAGTCCCCCGCCTTCAGAAGAGGGTGCATTTTCAGGAGGAAGCGATGGCTTCAGACAGCATATTTGAGTCATTTCCTTCGTACCCACAGTGCTTCATGAGAG|GGCAGCAGCACGGAGCCTCCGGACAACCTACTGACCACCCACGTGCTGGACACCGCCTCAGGGCTCCCA...AGGACCACGGCCAGCAGTGGGCGGAGCTGAGGACAAG___CTACACAGACCCAGATGGTCACTGTCCTGGACCAGATGAAGGCAGGCACCTACAAGCTCACCTTCGACACTGAGGGCTACTGGAGGAAGAGGGGGCAGGAAAGCTTCTACCCAC	MASDSIFESFPSYPQCFMR|gqqhgasgqptdhpraghrlrap	A00181:25:H7TFJDMXX:1:1103:4372:23907,A00181:25:H7TFJDMXX:2:2329:23945:33098,A00181:25:H7TFJDMXX:2:2421:11614:19883
RUNX1	URAHP	-/-	-/-	21:35048842	16:90043989	CDS/splice-site	exon/splice-site	translocation	0	2	0	190	12	low	out-of-frame	.	.	.	.	ENSG00000159216	ENSG00000222019	ENST00000475045	ENST00000409873	upstream	downstream	.	GGTGCATTTTCAGGAGGAAGCGATGGCTTCAGACAGCATATTTGAGTCATTTCCTTCGTACCCACAGTGCTTCATGAGAG|GTTGTTTTAACCATCACCAGCAAGGCCCAGAAGTTCCACGTGCCCCTGGTCCTACATCACCTACCGAGGGAGTTAGAGCGAAG...CGCACGCTGGCTGCACCCACCCAGCCCTCAACAGAGCGGGCTTTGTGCTCATCAGGGAGCATTGGCTCACCACTTCCTAGGGAAGTCCCGGCCCCCTGGAG	MASDSIFESFPSYPQCFMR|gcfnhhqqgpevprapgptsptegvra	A00181:25:H7TFJDMXX:2:1467:10538:18270,A00181:25:H7TFJDMXX:2:2351:25726:4617
ARPP21	FHIT(255345),PTPRG(54765)	+/+	./+	3:35642408	3:61506804	5'UTR/splice-site	intergenic	deletion	0	2	1	22	21	high	.	.	.	.	.	ENSG00000172995	.	ENST00000187397	.	downstream	upstream	.	GGAAGACAGAGCAGTGCATGGTTATGGATACTGGACAAGGATATTTGGAAAG|CAACAATGAAGAGACCAAGACAGCAGATTTTCTTCTGCCTCTGCCATCC...CTGCCTCCTCAACCTGCTCAATGTGAAGATGATAAGGATGAAGACCTTTATGATGATCCACTTTCACTTAATAAATA___ACACAAGCTCTCACAATGTTGCCCAGGCTGGTCTTGAACTCCTGGCCTCAAGTGATC	.	A00181:25:H7TFJDMXX:1:2304:32687:19961,A00181:25:H7TFJDMXX:1:2485:6271:27258,A00181:25:H7TFJDMXX:2:1248:29767:4038
ETV6	RUNX1	+/+	-/-	12:11869969	21:34887096	CDS/splice-site	CDS/splice-site	translocation	1	2	0	23	77	high	in-frame	.	Sterile_alpha_motif_(SAM)/Pointed_domain(100%)|Runt_domain(100%),Runx_inhibition_domain(100%)	.	.	ENSG00000139083	ENSG00000159216	ENST00000396373	ENST00000300305	downstream	downstream	.	CAACCTCTCTCATCGGGAAGACCTGGCTTACATGAACCACATCATGGTCTCTGTCTCCCCGCCTGAAGAGCACGCCATGCCCATTGGGAGAATAGCAG|ATGCCAGCACGAGCCGCCGCTTCACGCCGCCTTCCACCGCGCTGAGCCCAGGCAAGATGAGCGAGGCGTTGCCGCTGGGCGCCCCGGACGCCGGCGCTGCCCTGGCCGGCAAGCTGAGGAGCGGCGACCGCAGCATGGTGGAGGTGCTGGCCGACCACCCGGGCGAGCTGGTGCGCACCGACAGCCCCAACTTCCTCTGCTCCGTGCTGCC	NLSHREDLAYMNHIMVSVSPPEEHAMPIGRIA|dASTSRRFTPPSTALSPGKMSEALPLGAPDAGAALAGKLRSGDRSMVEVLADHPGELVRTDSPNFLCSVL	A00181:25:H7TFJDMXX:1:1110:26928:9580,A00181:25:H7TFJDMXX:1:2118:9950:19789,A00181:25:H7TFJDMXX:1:2147:23990:29982
ETV6	RUNX1	+/+	-/-	12:11869969	21:34892963	CDS/splice-site	CDS/splice-site	translocation	0	1	0	23	31	low	in-frame	.	Sterile_alpha_motif_(SAM)/Pointed_domain(100%)|Runt_domain(100%),Runx_inhibition_domain(100%)	.	.	ENSG00000139083	ENSG00000159216	ENST00000396373	ENST00000300305	downstream	downstream	.	TCATGGTCTCTGTCTCCCCGCCTGAAGAGCACGCCATGCCCATTGGGAGAATAGCAG|AATGCATACTTGGAATGAATCCTTCTAGAGACGTCCACG___ATGCCAGCACGAGCCGCCGCTTCACGCCGCCTTCCACCGCGCTGAGCCCAGGCAAGATGAGCGAG	MVSVSPPEEHAMPIGRIA|eCILGMNPSRDVHDASTSRRFTPPSTALSPGKMS	A00181:25:H7TFJDMXX:1:1370:19696:8108
LINC02227	AC025437.1(38552),LINC02227(3318)	-/+	./+	5:158323197	5:158317365	exon	intergenic	duplication	21	29	2	280	455	medium	.	.	.	.	.	ENSG00000276778	.	.	.	downstream	upstream	duplicates(7),mismatches(2)	GTTTTTCCTTTTACCAGTGTGGACTAGAGGAAAAGTGATCGACAAAGAGGCAAGGAGAGAATGACAAACAGGAG___AACTTACATTCTAGCCAGGAAAAATGGATAGAAATAAGAAAATGAATACATGAATGATCTCAGAGAAGG|ATGAGAAAACTGAGTCCCAAGGGGTTAAGTGATTTGCTCAAGGCAATGGCAGAGGAGGAACCAGGACCCAATTTTCTCAACTGTGAGCCAAG___GTTTTTCCTTTTACCAGTGTGGACTAG	.	A00181:25:H7TFJDMXX:1:1104:24885:11271,A00181:25:H7TFJDMXX:1:1171:4490:2065,A00181:25:H7TFJDMXX:1:1319:10547:8390,A00181:25:H7TFJDMXX:1:1360:15881:26522,A00181:25:H7TFJDMXX:1:1441:18584:26349,A00181:25:H7TFJDMXX:1:1441:26811:18145,A00181:25:H7TFJDMXX:1:1474:4417:10050,A00181:25:H7TFJDMXX:1:2233:9607:24173,A00181:25:H7TFJDMXX:1:2238:29993:14888,A00181:25:H7TFJDMXX:1:2241:17011:26318,A00181:25:H7TFJDMXX:1:2301:5457:17581,A00181:25:H7TFJDMXX:1:2340:31403:10379,A00181:25:H7TFJDMXX:1:2468:11559:10989,A00181:25:H7TFJDMXX:1:2468:11659:10535,A00181:25:H7TFJDMXX:2:1123:6931:19100,A00181:25:H7TFJDMXX:2:1175:30147:2534,A00181:25:H7TFJDMXX:2:1207:13964:24455,A00181:25:H7TFJDMXX:2:1207:18864:21136,A00181:25:H7TFJDMXX:2:1222:27706:31469,A00181:25:H7TFJDMXX:2:1228:15564:19993,A00181:25:H7TFJDMXX:2:1323:5050:6198,A00181:25:H7TFJDMXX:2:1357:18430:10739,A00181:25:H7TFJDMXX:2:1454:3070:34366,A00181:25:H7TFJDMXX:2:1455:1570:29356,A00181:25:H7TFJDMXX:2:1478:13313:14810,A00181:25:H7TFJDMXX:2:2112:2410:10708,A00181:25:H7TFJDMXX:2:2123:8296:4679,A00181:25:H7TFJDMXX:2:2175:8883:36636,A00181:25:H7TFJDMXX:2:2211:6334:11365,A00181:25:H7TFJDMXX:2:2272:24948:8281,A00181:25:H7TFJDMXX:2:2353:24731:5995,A00181:25:H7TFJDMXX:2:2478:31259:10254,A00181:25:H7TFJDMXX:1:1110:11876:6778,A00181:25:H7TFJDMXX:1:1237:17779:4507,A00181:25:H7TFJDMXX:1:1250:7202:4382,A00181:25:H7TFJDMXX:1:1260:2880:29559,A00181:25:H7TFJDMXX:1:1283:3197:5869,A00181:25:H7TFJDMXX:1:1307:15754:6167,A00181:25:H7TFJDMXX:1:1357:17164:14215,A00181:25:H7TFJDMXX:1:2135:16803:24737,A00181:25:H7TFJDMXX:1:2156:18213:11929,A00181:25:H7TFJDMXX:1:2240:28384:4899,A00181:25:H7TFJDMXX:1:2279:8024:16767,A00181:25:H7TFJDMXX:1:2338:4038:1971,A00181:25:H7TFJDMXX:1:2406:14109:7670,A00181:25:H7TFJDMXX:1:2406:14127:7858,A00181:25:H7TFJDMXX:2:1132:12201:10942,A00181:25:H7TFJDMXX:2:1132:16152:32878,A00181:25:H7TFJDMXX:2:1139:5972:9142,A00181:25:H7TFJDMXX:2:1153:29740:28197,A00181:25:H7TFJDMXX:2:1177:11333:25222,A00181:25:H7TFJDMXX:2:1242:30608:10160,A00181:25:H7TFJDMXX:2:1338:4815:22420,A00181:25:H7TFJDMXX:2:2133:3495:25989,A00181:25:H7TFJDMXX:2:2158:31069:18098,A00181:25:H7TFJDMXX:2:2338:24523:11710,A00181:25:H7TFJDMXX:2:2338:25292:11005,A00181:25:H7TFJDMXX:2:2357:7491:18537,A00181:25:H7TFJDMXX:2:2457:18394:29121,A00181:25:H7TFJDMXX:1:2157:18783:6934,A00181:25:H7TFJDMXX:2:2365:24370:10410
NR3C1	ARHGAP26	-/-	+/-	5:143403211	5:143150168	5'UTR/splice-site	intron	deletion/read-through/5'-5'	4	4	2	73	22	medium	.	.	.	.	.	ENSG00000113580	ENSG00000145819	ENST00000394464	.	upstream	downstream	.	CCCCCACCCATGGAGAAAGGGGCGGCTGTTTACTTCCTTTTTTTAGAAAAAAAAAATATATTTCCCTCCTGCTCCTTCTGCGTTCACAAGCTAAGTTGTTTATCTCGGCTGCGGCGGGAACTGCGGACGGTGGCGGGCGAGCGGCTCCTCTGCCAGAG|GAGAGATGGCTACTTCAGGAGTCAAGCTGAGGACCTGCCAAAGATTTAAACCCAGCAGCCTTGCCCTGGCACAG___...TGGGCAGCAACACCTACAG...___AATTGTGCCAAACACTGCTTCCCTCCCAGGTCCGTGAGAGAGGTGGAGGACAGAAGTTCTG	.	A00181:25:H7TFJDMXX:1:2248:28049:5447,A00181:25:H7TFJDMXX:1:2309:11351:3208,A00181:25:H7TFJDMXX:1:2356:20907:36166,A00181:25:H7TFJDMXX:2:1209:14904:35728,A00181:25:H7TFJDMXX:1:1464:31765:26412,A00181:25:H7TFJDMXX:1:2179:30897:6997,A00181:25:H7TFJDMXX:1:2323:23375:29418,A00181:25:H7TFJDMXX:2:2447:11632:1783,A00181:25:H7TFJDMXX:1:1412:23023:2754,A00181:25:H7TFJDMXX:2:1278:29677:19445
RNF125	AC011825.3	+/+	+/+	18:32045732	18:32042179	CDS/splice-site	exon/splice-site	duplication	7	3	0	144	121	medium	out-of-frame	.	.	.	.	ENSG00000101695	ENSG00000263917	ENST00000217740	ENST00000583184	downstream	upstream	duplicates(1)	AGACAGCAGCAAG___GTGTGTATGTCCCTTTTGTCAGAGGGAACTGTATGAAGACAGCTTGCTGGATCATTGTATTACTCATCACAGATCGGAACGGAGGCCTGTG|GTTTGCCTCAGTGAAATGAGGGCACATATTCGGACTTGTCAGAAGTACATAGATAAGTATGGACCACTACAAGAACTTGAGGAGACAGCAGCAAG___AATATAGACAGCAGCATCTCAGTATACAAGAG	TAARCVCPFCQRELYEDSLLDHCITHHRSERRPV|vclsemrahirtcqkyidkygplqeleetaari*	A00181:25:H7TFJDMXX:1:1443:7021:9925,A00181:25:H7TFJDMXX:1:2341:5430:5697,A00181:25:H7TFJDMXX:2:2154:16523:23907,A00181:25:H7TFJDMXX:2:2180:2627:13432,A00181:25:H7TFJDMXX:1:1384:5855:11162,A00181:25:H7TFJDMXX:1:1455:32669:36370,A00181:25:H7TFJDMXX:1:2167:10655:4664,A00181:25:H7TFJDMXX:1:2342:30002:13307,A00181:25:H7TFJDMXX:1:2421:7943:18035,A00181:25:H7TFJDMXX:2:1352:16649:34898,A00181:25:H7TFJDMXX:2:2343:27733:2801
RNF125	AC011825.3	+/+	+/+	18:32066009	18:32042179	CDS/splice-site	exon/splice-site	duplication	4	3	1	58	121	medium	out-of-frame	.	.	.	.	ENSG00000101695	ENSG00000263917	ENST00000217740	ENST00000583184	downstream	upstream	duplicates(1)	GAACGGAGGCCTGTG___TTCTGTCCACTTTGCCGTTTAATACCCGATGAGAATCCAAGCAGCTTCAGTGGCAGTTTAATAAGACATCTGCAAGTTAGTCACACTTTGTTTTATGATGATTTCATA|GTTTGCCTCAGTGAAATGAGGGCACATATTCGGACTTGTCAGAAGTACATAGATAAGTATGGACCACTACAAGAACTTGAGGAGACAGCAGCAAG___GTGTGTATGTCCCTTTTGTCAGAGGGAACTGTATGAAGACAGCTTGCTGGATCATTGTATTACTCATCACAGATCGGAACGGAGGCCTGTG___TTCTGT	ERRPVFCPLCRLIPDENPSSFSGSLIRHLQVSHTLFYDDFI|vclsemrahirtcqkyidkygplqeleetaarcvcpfcqrelyedslldhcithhrserrpvf	A00181:25:H7TFJDMXX:1:2477:29225:28808,A00181:25:H7TFJDMXX:2:1301:12698:10645,A00181:25:H7TFJDMXX:2:1301:13557:10034,A00181:25:H7TFJDMXX:2:1450:3992:15201,A00181:25:H7TFJDMXX:1:1271:13865:4899,A00181:25:H7TFJDMXX:1:2258:11297:13573,A00181:25:H7TFJDMXX:2:2243:18367:15295,A00181:25:H7TFJDMXX:2:2415:1570:4648,A00181:25:H7TFJDMXX:1:2455:19153:16125
RNU6-5P	TMEM107	-/-	-/-	2:174557965	17:8173572	intergenic	3'UTR	translocation	3	0	0	1011	2643	medium	.	.	.	.	.	ENSG00000206965	ENSG00000179029	ENST00000384238	ENST00000437139	upstream	downstream	multimappers(2)	CATATACTAAAATTGGAACGATACAGAGAAGATTAGCATGGCCCCTGCGCAAGGATGACACGCAAATTCGTGAAGCGTTCCATATTTTTA|ATCCTTACCTGTTCCTCCTCCGGAGGGCAGATTAGAACATGATGATTGGAGATGCATGAAACGTGATTAACGTCTCTG	.	A00181:25:H7TFJDMXX:1:2210:20889:23735,A00181:25:H7TFJDMXX:1:2482:14832:26334,A00181:25:H7TFJDMXX:1:2354:28519:6104,A00181:25:H7TFJDMXX:2:1206:21314:7560,A00181:25:H7TFJDMXX:2:2159:22372:33692
IGKV1OR2-108	AC016745.1(5300),AC016745.2(1752)	+/+	./+	2:113406864	2:113430848	CDS	intergenic	deletion/read-through	4	4	10	16	27	low	out-of-frame	.	Immunoglobulin_V-set_domain(100%)|	.	.	ENSG00000231292	.	ENST00000453673	.	downstream	upstream	low_entropy(1)	CCATCACCTGCCGGGCAAGTCAGGGCATTAGCAATGGGTTATCCTGGTATCAGCAGAAACCAGGGCAAGCCCCTACGCTCCTGATCTATGCTGCATCCAGTTTGCAGTCGGGGGTCCCATCTCGGTTCAGTGGCAGTGGATCTGGGACAGATTTCACTCTCACCATCAGCAGCCTGCAGCCTGAAGATGTTGCAACTTATTACTGTCTACAGGATTATACT|ATCCCCTCAGGAGGACACAGCTTTTGAGGTACCATCTTGGAAGCAGAGACCAGACCTCACTAGACACAAACTTCCTGGCACCTTGATTTTGGACTTCATAGCCTCTAGAACTGTG	ITCRASQGISNGLSWYQQKPGQAPTLLIYAASSLQSGVPSRFSGSGSGTDFTLTISSLQPEDVATYYCLQDYT|ipsgghsf*	A00181:25:H7TFJDMXX:1:1425:25500:1188,A00181:25:H7TFJDMXX:2:1247:13367:7733,A00181:25:H7TFJDMXX:2:2117:15456:9283,A00181:25:H7TFJDMXX:2:2182:27633:12774,A00181:25:H7TFJDMXX:1:1478:30761:8046,A00181:25:H7TFJDMXX:1:2321:28049:1626,A00181:25:H7TFJDMXX:1:2382:19226:1971,A00181:25:H7TFJDMXX:2:1404:16152:33223,A00181:25:H7TFJDMXX:2:2376:12563:1110,A00181:25:H7TFJDMXX:1:1231:26133:26772,A00181:25:H7TFJDMXX:1:1301:26304:20556,A00181:25:H7TFJDMXX:1:1315:27642:12853,A00181:25:H7TFJDMXX:1:1428:19687:35556,A00181:25:H7TFJDMXX:1:2165:19190:31720,A00181:25:H7TFJDMXX:1:2202:18204:25128,A00181:25:H7TFJDMXX:2:1158:15266:35947,A00181:25:H7TFJDMXX:2:1229:23475:17973,A00181:25:H7TFJDMXX:2:1451:20754:12007,A00181:25:H7TFJDMXX:2:2123:29640:23328
DNLZ	DNLZ	-/-	-/-	9:136363676	9:136363708	CDS	CDS	duplication/ITD	0	13	0	34	34	low	in-frame	.	.	.	.	ENSG00000213221	ENSG00000213221	ENST00000371738	ENST00000371738	upstream	downstream	duplicates(17)	GCGGACGGAGCCGGCGAGCGGGATGCTGCGGACTGCGCTGCGCGGCGCGCCGAGGTTGCTG|CGGACTGCGCTGCGCGGCGCGCCGAGGTTGCTGAGTCGCGTGCAGCCCCGGGCGCCCTGCCTGAGGCGGCTGTGGGGCCGCGGGGCCCGTCCAGAGGTCGCGGGGAGGCGGCGG	MLRTALRGAPRLL|RTALRGAPRLLSRVQPRAPCLRRLWGRGARPEVAGRR	A00181:25:H7TFJDMXX:1:1170:9028:35289,A00181:25:H7TFJDMXX:1:1170:9028:35289,A00181:25:H7TFJDMXX:1:1252:12798:23938,A00181:25:H7TFJDMXX:1:1252:12798:23938,A00181:25:H7TFJDMXX:1:2121:4553:25003,A00181:25:H7TFJDMXX:1:2121:4553:25003,A00181:25:H7TFJDMXX:1:2180:1452:30154,A00181:25:H7TFJDMXX:1:2180:1452:30154,A00181:25:H7TFJDMXX:1:2443:27480:18584,A00181:25:H7TFJDMXX:1:2443:27480:18584,A00181:25:H7TFJDMXX:1:2466:29903:5337,A00181:25:H7TFJDMXX:1:2466:29903:5337,A00181:25:H7TFJDMXX:1:2474:19949:6104,A00181:25:H7TFJDMXX:1:2474:19949:6104,A00181:25:H7TFJDMXX:2:1271:18267:14278,A00181:25:H7TFJDMXX:2:1271:18267:14278,A00181:25:H7TFJDMXX:2:1317:11433:8672,A00181:25:H7TFJDMXX:2:1317:11433:8672,A00181:25:H7TFJDMXX:2:1317:11822:9345,A00181:25:H7TFJDMXX:2:1317:11822:9345,A00181:25:H7TFJDMXX:2:1435:16269:16611,A00181:25:H7TFJDMXX:2:1435:16269:16611,A00181:25:H7TFJDMXX:2:2107:2763:18333,A00181:25:H7TFJDMXX:2:2107:2763:18333,A00181:25:H7TFJDMXX:2:2241:25952:31219,A00181:25:H7TFJDMXX:2:2241:25952:31219,A00181:25:H7TFJDMXX:2:2328:16125:2550,A00181:25:H7TFJDMXX:2:2328:16125:2550,A00181:25:H7TFJDMXX:2:2427:30807:18803,A00181:25:H7TFJDMXX:2:2427:30807:18803
CKM	KLC3	-/+	+/+	19:45315304	19:45345534	intron	CDS/splice-site	deletion/read-through/3'-3'	3	5	1	45	24	low	.	.	|Tetratricopeptide_repeat(100%)	.	.	ENSG00000104879	ENSG00000104892	.	ENST00000589373	downstream	upstream	.	CAAGGCAAGGCCCTACACAACAGAAAGGTTCCAACTTGCTGAGTCCTCAAATGATCACAACATTTTTAGCAGGATTTTAAAATTAAG___GGCAAGAACCCCTGGAAATGTGTGCTGGATGAACGGATGGCAGGACGCTGGGGGCAGCCAGGTGTCTGCGTAGGTCTTCTCAGGGGCCGTCGGGTCTGGACAGCATCCCTGAATCTCCAACACAGCAG|GAGCAGCAATGTCTGTGCAGGTAGCGGCTCCTGGAAGTGCAGGGCTGGGCCCAGAGCGCCTGAGCCCTGAGGAGCTGGTGCGGCAGACGCGGCAAGTGGTCCAGGGGCTGGAGGCGCTGCGGGCAGAGCACCATGGCCTGGCTGGGCACCTGG	.	A00181:25:H7TFJDMXX:2:1252:20473:30624,A00181:25:H7TFJDMXX:2:1365:9932:12868,A00181:25:H7TFJDMXX:2:1467:13051:19993,A00181:25:H7TFJDMXX:1:1461:11279:16767,A00181:25:H7TFJDMXX:2:1484:28718:35822,A00181:25:H7TFJDMXX:2:2274:10655:20885,A00181:25:H7TFJDMXX:2:2335:25138:36041,A00181:25:H7TFJDMXX:2:2479:16043:34663,A00181:25:H7TFJDMXX:1:2471:21594:20572
ARL17B	KANSL1	-/-	-/-	17:46352820	17:46094701	CDS/splice-site	CDS/splice-site	deletion/read-through	2	5	0	103	132	low	out-of-frame	.	ADP-ribosylation_factor_family(100%)|	.	.	ENSG00000228696	ENSG00000120071	ENST00000570618	ENST00000574590	upstream	downstream	duplicates(1),mismatches(1)	GGGATGTTGGCAGCCACTTCAAAATCAGACCTCTGTGGCAGCATTTTTTCCAGAACACAAAAG|GAGACGCAGGTCAGAATGGAAATGGGCTGCAGACCGGGCAGCTATTGTCAGCCGCTGGAACTGGCTTCAGGCTCATGTTTCTGACTTGGAATATCGAATTCGTCAGCAAACAGACATTTACAAACAGATACGTGC	DVGSHFKIRPLWQHFFQNTK|gdagqngnglqtgqllsaagtgfrlmfltwniefvskqtftnryv	A00181:25:H7TFJDMXX:1:1411:10700:32142,A00181:25:H7TFJDMXX:1:2401:32940:2425,A00181:25:H7TFJDMXX:2:1101:12924:6590,A00181:25:H7TFJDMXX:2:1116:24306:5509,A00181:25:H7TFJDMXX:2:1171:32380:2675,A00181:25:H7TFJDMXX:2:1481:18801:36119,A00181:25:H7TFJDMXX:2:2430:13530:28275,A00181:25:H7TFJDMXX:1:1486:31159:25332,A00181:25:H7TFJDMXX:2:2413:18484:30311
ARL17B	KANSL1	-/-	-/-	17:46339509	17:46094701	CDS/splice-site	CDS/splice-site	deletion/read-through	1	0	0	57	132	low	.	.	ADP-ribosylation_factor-like_protein_17(98%),ADP-ribosylation_factor_family(100%)|	.	.	ENSG00000228696	ENSG00000120071	ENST00000572991	ENST00000574590	upstream	downstream	multimappers(1)	CTCTGTGGCAGCATTTTTTCCAGAACACAAAAG___GTGCCAGAAGCCCAGGAAGCACACATCAAGGCTCACTTGCCAGCGGGGTGCTGCCAATAAAATGTAGT...CTCTGTGGCAGCATTTTTTCCAGAACACAAAAG___GTGCCAGAAGCCCAGGAAGCACACATCAAGGCTCACTTGCCAGCGGGGTGCTGCCAATAAAATGTAGT...TCCCAAGTTTCCTGACTTCTTCCATCCTCTGGAAATCAGCTGTG|GAGACGCAGGTCAGAATGGAAATGGGCTGCAGACCGGGCAGCTATTGTCAGCCGCTG	.	A00181:25:H7TFJDMXX:2:2312:30716:27258,A00181:25:H7TFJDMXX:2:2312:30716:27258
TRAF3IP2	REV3L	-/-	-/-	6:111566444	6:111416472	CDS/splice-site	CDS/splice-site	deletion/read-through	2	3	1	90	39	low	out-of-frame	.	|C4-type_zinc-finger_of_DNA_polymerase_delta(100%),DNA_polymerase_family_B(100%),DNA_polymerase_family_B__exonuclease_domain(100%),Domain_of_unknown_function_(DUF4683)(100%),Protein_of_unknown_function_(DUF1725)(100%)	.	.	ENSG00000056972	ENSG00000009413	ENST00000368761	ENST00000358835	upstream	downstream	.	CCGAGGCATTGATATCATTAAATGGATGGAGCGCTACCTTAGGGAT___AAGACCGTGATGATAATCGTAGCAATCAGCCCCAAATACAAACAGGACGTGGAAGGCGCTGAGTCGCAGCTGGACGAGGATGAGCATGGCTTACATACTAAGTACATTCATCGAATG|GTCAGAAGACATGTCTTCATCTACATGGCATCTTTCCTTACCTCTATGTGCCATACGATGGTTATGGACAGCAGCCAGAAAGCTATCTTTCTCAGATGGCATTCAGTATCGACAGAGCACTTAATGTGGCTTTAGGCAATCCATCTTCCACTGCTCAGCATGTGTTCAAAGTGTCATTAGTATCAGGAAT___GCCTTTTTATGGTTATCATGAGAAGGAAAG	RGIDIIKWMERYLRDKTVMIIVAISPKYKQDVEGAESQLDEDEHGLHTKYIHRM|vrrhvfiymasfltsmchtmvmdssqkaiflrwhsvstehlmwl*	A00181:25:H7TFJDMXX:1:1114:6280:31501,A00181:25:H7TFJDMXX:2:1319:17363:26146,A00181:25:H7TFJDMXX:2:2181:11143:21512,A00181:25:H7TFJDMXX:2:1284:2347:34804,A00181:25:H7TFJDMXX:2:2327:22444:3098,A00181:25:H7TFJDMXX:2:1319:29848:24565
IPMK	AC026884.1(29787),IPMK(54851)	-/-	./-	10:58267422	10:58136666	CDS/splice-site	intergenic	deletion/read-through	1	0	3	15	18	low	out-of-frame	.	.	.	.	ENSG00000151151	.	ENST00000373935	.	upstream	downstream	duplicates(1),mismappers(2)	CCGGCGCCCCCTCCCTCGCCCTATTTTTTT-CCTACTCTCGCTGCCGTTACCGCTTCTGCTCTCCGTTATGGCAACAGAGCCACCATCCCCCCTCCGGGTCGAGGCGCCGGGCCCCCCAGAAATGCGGACCTCACCGGCGATCGAGTCCACCCCTGAGGGCACCCCGCAG...TTCCTCAACGGCTGCGTGCCC[c]CTCTCGCATCAGGTGGCCGGGCACATGTACGGGAAGGACAAAGTGG|GTCCCAGAAAAAATTTCAGCTGAGAAATCAGAAACATGGAAAAAG___GTGGAGTTTCGCTCTAGTTGCCCAAGCTGGAGTGCGATGGCGCGATATCGGCTCACTGCAACCTATGCCTCCCAGATTCAAGCGGTTCTCCTGCCTCAGCCTCCCG	FLNGCVPplasggrahvregqsg|sqkkfqlrnqkhgkrwsfalvaqagvrwrdigslqpmpprfkrfsclsl	A00181:25:H7TFJDMXX:2:2167:19696:34068,A00181:25:H7TFJDMXX:2:2373:29767:7106,A00181:25:H7TFJDMXX:2:2373:29767:7106,A00181:25:H7TFJDMXX:1:1153:15582:29794,A00181:25:H7TFJDMXX:1:1426:6280:28181,A00181:25:H7TFJDMXX:2:1274:31729:13573,A00181:25:H7TFJDMXX:2:2430:9353:32221
CD200	BTLA(18536),OR7E100P(6179)	+/+	./+	3:112333224	3:112518008	CDS/splice-site	intergenic	deletion/read-through	0	3	0	10	11	low	out-of-frame	.	.	.	.	ENSG00000091972	.	ENST00000315711	.	downstream	upstream	.	CGCCTCCAGGAGCAAGGATGGAGAGGCTG|GAAGAACACCATGTGAACATGAAGACAACCACCTACAAGCCAAAGAGAGAGGCCTCAGAGGAAACAACCATGCTAACATCTTCTTATACTCTAGCCCCAAGAAATGTGAGAAAATAAATTTCTGTTGTTTAAG	MERL|eehhvnmktttykpkreaseettmltssytlaprnvrk*	A00181:25:H7TFJDMXX:2:1287:8504:22294,A00181:25:H7TFJDMXX:2:2235:7844:17143,A00181:25:H7TFJDMXX:2:2246:13241:16219
SNHG5	NT5E	-/-	+/-	6:85677954	6:85457664	exon/splice-site	intron	deletion/read-through/5'-5'	1	1	1	1255	4	low	.	.	.	.	.	ENSG00000203875	ENSG00000135318	ENST00000673769	.	upstream	downstream	duplicates(1)	GCCTTCGCGAGCGTCTGGGCGGGTGGTAG___GAACAATGGCGCTGTCTTaAGTGGCACAGTGGAGCAGCTCTGAAGATGCAAAG___ATACACGAAAAAACTTCCAGAACATCTGGGAGAATATTTAATGGAAAATCGCTTGGTTAAAACCTGACACTTTTAACAG|GCCATCATTTCTGTTACTACCAGAGTAACATCCCGCGAGCATCCTGGAAACCTCTTCACCTGCAAACAGTGGCCAAATGGAAGCACCTGAAAGACCTACGCTATCTCTCCACAAGGAAATAGCTGCCAAAAAATAAATAAATAACTGTGAA	.	A00181:25:H7TFJDMXX:1:1438:7148:17973,A00181:25:H7TFJDMXX:2:2401:24912:30545,A00181:25:H7TFJDMXX:1:1339:31213:10614,A00181:25:H7TFJDMXX:1:1339:31250:11209
SESN1	ATP5MFP2	-/-	-/-	6:109009359	6:108907926	CDS/splice-site	intergenic	deletion/read-through	0	2	1	32	35	low	out-of-frame	.	.	.	.	ENSG00000080546	ENSG00000228834	ENST00000356644	ENST00000447543	upstream	downstream	.	GCGCTTGGCCGCCGCCGCGAACGAGGCGTACACGGCCCCTTTGGCGGTCTCGGGGCTGCTGGGCTGCAAGCAGTGCGGCGGGGGCCGCGACCAGGACGAG|AAAATAAGCGGGCTTAAGAAAACAGAAGAACACAGCGGACACCAGGACTCTAAGATAGCGTCAGTTGTACCAGTGAAGGACAAGAAACTTCTGGAGGTCAAACTGGGGGAGCTGCCAAGCTGGATCTTGATGGGGGACTTCAGCCCTAGTGGCATTTTCGGAGCGTTTCAAAGAGGTTACTACTGGTACTACAAGTACATCAATGTGAAGAAGGGGAGCATCTCGGGG	RLAAAANEAYTAPLAVSGLLGCKQCGGGRDQDE|kisglkkteehsghqdskiasvvpvkdkkllevklgelpswilmgdfspsgifgafqrgyywyykyinvkkgsis	A00181:25:H7TFJDMXX:2:1124:9353:19445,A00181:25:H7TFJDMXX:2:2236:23963:19257,A00181:25:H7TFJDMXX:2:2252:31132:29418
RN7SL88P(8016),LINC02452(50427)	LTA4H	./-	-/-	12:96110265	12:96035590	intergenic	5'UTR	deletion/read-through	1	2	0	92	79	low	.	.	|Leukotriene_A4_hydrolase__C-terminal(100%),Peptidase_family_M1_domain(100%)	.	.	.	ENSG00000111144	.	ENST00000548852	upstream	downstream	.	AGATCACGCTGTGTCCGGAATTGGTGGATTCTTGGTCTCACTGACTTCAAGGATGAAGCCGCGGACCCTCGCG|GTTCTCTATCGACGAGTCTGGTAGCTGAGCGTTGGGCTGTAGGTCGCTGTGCTGTGTGATCCCCCAGAGCCATGCCCG...CTTCCGTCTGCCGGACCAAGCACCTGCACCTGCGCTGCAGCGTCGACTTTACTCGCCGGACGCTGACCGGGACTGCTGCTCTCACGGTCCAGTCTCAGGAG...CTGCGCAGCCTG___GTTTTGGATACAAAGGACCTTACAATAGAAAAAGTAGTGATCAATGGACAAGAAGTCAAATATGCTCTTGGAGAAAGACAAAGTTACAA	.	A00181:25:H7TFJDMXX:1:2245:14859:5243,A00181:25:H7TFJDMXX:2:2167:27236:18537,A00181:25:H7TFJDMXX:2:1445:1615:29810
AC055855.1	TIPIN	-/-	-/-	15:66331410	15:66352955	exon/splice-site	5'UTR/splice-site	duplication	1	0	1	6	172	low	.	.	.	.	.	ENSG00000260773	ENSG00000075131	ENST00000565993	ENST00000562124	upstream	downstream	duplicates(1)	CTGGACAATCCAT___ATATGGAGTCTCACTCTGTCACCCAGGCTGGAGTACAGTGGTGCAATCTCGGCTCACTGCAAGCTCTACCTCCTGGGTTCACGTCATTCTCCTGCCTCAGCCTCTGGAGTAGCTGGGACTACAGGCGCCTGCCATCACGCCCGG|AGGAAAAGATGCTAGAACCACAGGAGAATGGCGTGATTGACCTACCAGATTATGAGCAT	.	A00181:25:H7TFJDMXX:1:2214:25907:25692,A00181:25:H7TFJDMXX:1:2456:21450:30937,A00181:25:H7TFJDMXX:2:1319:1461:6715
LRP6	SLC27A6	-/-	+/+	12:12124565	5:128985133	CDS/splice-site	CDS/splice-site	translocation	0	1	0	58	6	low	out-of-frame	.	Coagulation_Factor_Xa_inhibitory_site(100%),Low-density_lipoprotein_receptor_domain_class_A(100%),Low-density_lipoprotein_receptor_repeat_class_B(100%)|AMP-binding_enzyme(100%),AMP-binding_enzyme_C-terminal_domain(100%)	.	.	ENSG00000070018	ENSG00000113396	ENST00000261349	ENST00000262462	upstream	upstream	.	GGAATTTGGATATTCTTCAAACAGTCCTTCCACTCATAGGTCATACAG|ATTTGCTTGGAACGGTAGAAGAAATCCTTCCAAGCCTCTCAGAcAATATCAGT...GTCAGCTGCAGGTTTTAAGGGGTTCTGCTGTCCTGTGGGCTTTTGGTTGTACTGCTCATGACATTGTTTATATAACCCTTCCTCTGTATCATAGTTCAGCA	EFGYSSNSPSTHRSYr|fawngrrnpskplrqyq	A00181:25:H7TFJDMXX:2:1144:10294:27868
